"probe_id","gene_id","gene_symbol","gene_title","pool_id","id"
"200814_at",5720,"PSME1","proteasome (prosome, macropain) activator subunit 1 (PA28 alpha)","epsilon",1
"222103_at",466,"ATF1","activating transcription factor 1","epsilon",2
"201453_x_at",6009,"RHEB","Ras homolog enriched in brain","epsilon",3
"204131_s_at",2309,"FOXO3","forkhead box O3","epsilon",4
"200059_s_at",387,"RHOA","ras homolog gene family, member A","epsilon",5
"205067_at",3553,"IL1B","interleukin 1, beta","epsilon",6
"213702_x_at",427,"ASAH1","N-acylsphingosine amidohydrolase (acid ceramidase) 1","epsilon",7
"214435_x_at",5898,"RALA","v-ral simian leukemia viral oncogene homolog A (ras related)","epsilon",8
"201334_s_at",23365,"ARHGEF12","Rho guanine nucleotide exchange factor (GEF) 12","epsilon",9
"213721_at",6657,"SOX2","SRY (sex determining region Y)-box 2","epsilon",10
"202627_s_at",5054,"SERPINE1","serpin peptidase inhibitor, clade E (nexin, plasminogen activator inhibitor type 1), member 1","epsilon",11
"217478_s_at",3108,"HLA-DMA","major histocompatibility complex, class II, DM alpha","epsilon",12
"206254_at",1950,"EGF","epidermal growth factor","epsilon",13
"200602_at",351,"APP","amyloid beta (A4) precursor protein","epsilon",14
"205581_s_at",4846,"NOS3","nitric oxide synthase 3 (endothelial cell)","epsilon",15
"206562_s_at",1452,"CSNK1A1","casein kinase 1, alpha 1","epsilon",16
"205897_at",4776,"NFATC4","nuclear factor of activated T-cells, cytoplasmic, calcineurin-dependent 4","epsilon",17
"203135_at",6908,"TBP","TATA box binding protein","epsilon",18
"204531_s_at",672,"BRCA1","breast cancer 1, early onset","epsilon",19
"200882_s_at",5710,"PSMD4","proteasome (prosome, macropain) 26S subunit, non-ATPase, 4","epsilon",20
"206501_x_at",2115,"ETV1","ets variant 1","epsilon",21
"207199_at",7015,"TERT","telomerase reverse transcriptase","epsilon",22
"209572_s_at",8726,"EED","embryonic ectoderm development","epsilon",23
"203110_at",2185,"PTK2B","PTK2B protein tyrosine kinase 2 beta","epsilon",24
"201841_s_at",3315,"HSPB1","heat shock 27kDa protein 1","epsilon",25
"204297_at",5289,"PIK3C3","phosphoinositide-3-kinase, class 3","epsilon",26
"209682_at",868,"CBLB","Cas-Br-M (murine) ecotropic retroviral transforming sequence b","epsilon",27
"206752_s_at",1677,"DFFB","DNA fragmentation factor, 40kDa, beta polypeptide (caspase-activated DNase)","epsilon",28
"209747_at",7043,"TGFB3","transforming growth factor, beta 3","epsilon",29
"204061_at",5613,"PRKX","protein kinase, X-linked","epsilon",30
"208711_s_at",595,"CCND1","cyclin D1","epsilon",31
"214062_x_at",4793,"NFKBIB","nuclear factor of kappa light polypeptide gene enhancer in B-cells inhibitor, beta","epsilon",32
"207034_s_at",2736,"GLI2","GLI family zinc finger 2","epsilon",33
"204369_at",5290,"PIK3CA","phosphoinositide-3-kinase, catalytic, alpha polypeptide","epsilon",34
"200081_s_at",6194,"RPS6","ribosomal protein S6","epsilon",35
"203277_at",1676,"DFFA","DNA fragmentation factor, 45kDa, alpha polypeptide","epsilon",36
"212287_at",23512,"SUZ12","suppressor of zeste 12 homolog (Drosophila)","epsilon",37
"213191_at",148022,"TICAM1","toll-like receptor adaptor molecule 1","epsilon",38
"218995_s_at",1906,"EDN1","endothelin 1","epsilon",39
"201471_s_at",8878,"SQSTM1","sequestosome 1","epsilon",40
"200989_at",3091,"HIF1A","hypoxia inducible factor 1, alpha subunit (basic helix-loop-helix transcription factor)","epsilon",41
"204748_at",5743,"PTGS2","prostaglandin-endoperoxide synthase 2 (prostaglandin G/H synthase and cyclooxygenase)","epsilon",42
"210145_at",5321,"PLA2G4A","phospholipase A2, group IVA (cytosolic, calcium-dependent)","epsilon",43
"200768_s_at",4144,"MAT2A","methionine adenosyltransferase II, alpha","epsilon",44
"208624_s_at",1981,"EIF4G1","eukaryotic translation initiation factor 4 gamma, 1","epsilon",45
"205504_at",695,"BTK","Bruton agammaglobulinemia tyrosine kinase","epsilon",46
"201058_s_at",10398,"MYL9","myosin, light chain 9, regulatory","epsilon",47
"200830_at",5708,"PSMD2","proteasome (prosome, macropain) 26S subunit, non-ATPase, 2","epsilon",48
"200614_at",1213,"CLTC","clathrin, heavy chain (Hc)","epsilon",49
"200966_x_at",226,"ALDOA","aldolase A, fructose-bisphosphate","epsilon",50
"205026_at",6777,"STAT5B","signal transducer and activator of transcription 5B","epsilon",51
"214447_at",2113,"ETS1","v-ets erythroblastosis virus E26 oncogene homolog 1 (avian)","epsilon",52
"200807_s_at",3329,"HSPD1","heat shock 60kDa protein 1 (chaperonin)","epsilon",53
"204039_at",1050,"CEBPA","CCAAT/enhancer binding protein (C/EBP), alpha","epsilon",54
"201052_s_at",9491,"PSMF1","proteasome (prosome, macropain) inhibitor subunit 1 (PI31)","epsilon",55
"203952_at",22926,"ATF6","activating transcription factor 6","epsilon",56
"202100_at",5899,"RALB","v-ral simian leukemia viral oncogene homolog B (ras related; GTP binding protein)","epsilon",57
"37152_at",5467,"PPARD","peroxisome proliferator-activated receptor delta","epsilon",58
"208992_s_at",6774,"STAT3","signal transducer and activator of transcription 3 (acute-phase response factor)","epsilon",59
"218457_s_at",1788,"DNMT3A","DNA (cytosine-5-)-methyltransferase 3 alpha","epsilon",60
"202677_at",5921,"RASA1","RAS p21 protein activator (GTPase activating protein) 1","epsilon",61
"201762_s_at",5721,"PSME2","proteasome (prosome, macropain) activator subunit 2 (PA28 beta)","epsilon",62
"203639_s_at",2263,"FGFR2","fibroblast growth factor receptor 2","epsilon",63
"200622_x_at",808,"CALM3","calmodulin 3 (phosphorylase kinase, delta)","epsilon",64
"218498_s_at",30001,"ERO1L","ERO1-like (S. cerevisiae)","epsilon",65
"203381_s_at",348,"APOE","apolipoprotein E","epsilon",66
"212740_at",30849,"PIK3R4","phosphoinositide-3-kinase, regulatory subunit 4","epsilon",67
"202332_at",1454,"CSNK1E","casein kinase 1, epsilon","epsilon",68
"200711_s_at",6500,"SKP1","S-phase kinase-associated protein 1","epsilon",69
"207808_s_at",5627,"PROS1","protein S (alpha)","epsilon",70
"207805_s_at",5715,"PSMD9","proteasome (prosome, macropain) 26S subunit, non-ATPase, 9","epsilon",71
"207535_s_at",4791,"NFKB2","nuclear factor of kappa light polypeptide gene enhancer in B-cells 2 (p49/p100)","epsilon",72
"219461_at",56924,"PAK6","p21 protein (Cdc42/Rac)-activated kinase 6","epsilon",73
"205498_at",2690,"GHR","growth hormone receptor","epsilon",74
"202246_s_at",1019,"CDK4","cyclin-dependent kinase 4","epsilon",75
"218292_s_at",51422,"PRKAG2","protein kinase, AMP-activated, gamma 2 non-catalytic subunit","epsilon",76
"207238_s_at",5788,"PTPRC","protein tyrosine phosphatase, receptor type, C","epsilon",77
"208611_s_at",6709,"SPTAN1","spectrin, alpha, non-erythrocytic 1 (alpha-fodrin)","epsilon",78
"202310_s_at",1277,"COL1A1","collagen, type I, alpha 1","epsilon",79
"204695_at",993,"CDC25A","cell division cycle 25 homolog A (S. pombe)","epsilon",80
"201746_at",7157,"TP53","tumor protein p53","epsilon",81
"201693_s_at",1958,"EGR1","early growth response 1","epsilon",82
"207847_s_at",4582,"MUC1","mucin 1, cell surface associated","epsilon",83
"209464_at",9212,"AURKB","aurora kinase B","epsilon",84
"203315_at",8440,"NCK2","NCK adaptor protein 2","epsilon",85
"204092_s_at",6790,"AURKA","aurora kinase A","epsilon",86
"204995_at",8851,"CDK5R1","cyclin-dependent kinase 5, regulatory subunit 1 (p35)","epsilon",87
"210105_s_at",2534,"FYN","FYN oncogene related to SRC, FGR, YES","epsilon",88
"202647_s_at",4893,"NRAS","neuroblastoma RAS viral (v-ras) oncogene homolog","epsilon",89
"221478_at",665,"BNIP3L","BCL2/adenovirus E1B 19kDa interacting protein 3-like","epsilon",90
"201069_at",4313,"MMP2","matrix metallopeptidase 2 (gelatinase A, 72kDa gelatinase, 72kDa type IV collagenase)","epsilon",91
"211297_s_at",1022,"CDK7","cyclin-dependent kinase 7","epsilon",92
"207419_s_at",5880,"RAC2","ras-related C3 botulinum toxin substrate 2 (rho family, small GTP binding protein Rac2)","epsilon",93
"203665_at",3162,"HMOX1","heme oxygenase (decycling) 1","epsilon",94
"211980_at",1282,"COL4A1","collagen, type IV, alpha 1","epsilon",95
"202637_s_at",3383,"ICAM1","intercellular adhesion molecule 1","epsilon",96
"205500_at",727,"C5","complement component 5","epsilon",97
"201502_s_at",4792,"NFKBIA","nuclear factor of kappa light polypeptide gene enhancer in B-cells inhibitor, alpha","epsilon",98
"203927_at",4794,"NFKBIE","nuclear factor of kappa light polypeptide gene enhancer in B-cells inhibitor, epsilon","epsilon",99
"204093_at",902,"CCNH","cyclin H","epsilon",100
"208025_s_at",8091,"HMGA2","high mobility group AT-hook 2","epsilon",101
"212143_s_at",3486,"IGFBP3","insulin-like growth factor binding protein 3","epsilon",102
"221308_at",10818,"FRS2","fibroblast growth factor receptor substrate 2","epsilon",103
"204191_at",3454,"IFNAR1","interferon (alpha, beta and omega) receptor 1","epsilon",104
"217871_s_at",4282,"MIF","macrophage migration inhibitory factor (glycosylation-inhibiting factor)","epsilon",105
"205417_s_at",1605,"DAG1","dystroglycan 1 (dystrophin-associated glycoprotein 1)","epsilon",106
"218847_at",10644,"IGF2BP2","insulin-like growth factor 2 mRNA binding protein 2","epsilon",107
"202454_s_at",2065,"ERBB3","v-erb-b2 erythroblastic leukemia viral oncogene homolog 3 (avian)","epsilon",108
"204451_at",8321,"FZD1","frizzled family receptor 1","epsilon",109
"202743_at",8503,"PIK3R3","phosphoinositide-3-kinase, regulatory subunit 3 (gamma)","epsilon",110
"212330_at",7027,"TFDP1","transcription factor Dp-1","epsilon",111
"207540_s_at",6850,"SYK","spleen tyrosine kinase","epsilon",112
"221539_at",1978,"EIF4EBP1","eukaryotic translation initiation factor 4E binding protein 1","epsilon",113
"201700_at",896,"CCND3","cyclin D3","epsilon",114
"206687_s_at",5777,"PTPN6","protein tyrosine phosphatase, non-receptor type 6","epsilon",115
"204014_at",1846,"DUSP4","dual specificity phosphatase 4","epsilon",116
"203132_at",5925,"RB1","retinoblastoma 1","epsilon",117
"208644_at",142,"PARP1","poly (ADP-ribose) polymerase 1","epsilon",118
"207143_at",1021,"CDK6","cyclin-dependent kinase 6","epsilon",119
"202659_at",5699,"PSMB10","proteasome (prosome, macropain) subunit, beta type, 10","epsilon",120
"204420_at",8061,"FOSL1","FOS-like antigen 1","epsilon",121
"207042_at",1870,"E2F2","E2F transcription factor 2","epsilon",122
"202224_at",1398,"CRK","v-crk sarcoma virus CT10 oncogene homolog (avian)","epsilon",123
"208687_x_at",3312,"HSPA8","heat shock 70kDa protein 8","epsilon",124
"214710_s_at",891,"CCNB1","cyclin B1","epsilon",125
"207416_s_at",4775,"NFATC3","nuclear factor of activated T-cells, cytoplasmic, calcineurin-dependent 3","epsilon",126
"201202_at",5111,"PCNA","proliferating cell nuclear antigen","epsilon",127
"209040_s_at",5696,"PSMB8","proteasome (prosome, macropain) subunit, beta type, 8 (large multifunctional peptidase 7)","epsilon",128
"210038_at",5588,"PRKCQ","protein kinase C, theta","epsilon",129
"218619_s_at",6839,"SUV39H1","suppressor of variegation 3-9 homolog 1 (Drosophila)","epsilon",130
"202076_at",329,"BIRC2","baculoviral IAP repeat containing 2","epsilon",131
"209615_s_at",5058,"PAK1","p21 protein (Cdc42/Rac)-activated kinase 1","epsilon",132
"208728_s_at",998,"CDC42","cell division cycle 42 (GTP binding protein, 25kDa)","epsilon",133
"205034_at",9134,"CCNE2","cyclin E2","epsilon",134
"202507_s_at",6616,"SNAP25","synaptosomal-associated protein, 25kDa","epsilon",135
"200886_s_at",5223,"PGAM1","phosphoglycerate mutase 1 (brain)","epsilon",136
"204725_s_at",4690,"NCK1","NCK adaptor protein 1","epsilon",137
"205153_s_at",958,"CD40","CD40 molecule, TNF receptor superfamily member 5","epsilon",138
"201763_s_at",1616,"DAXX","death-domain associated protein","epsilon",139
"202870_s_at",991,"CDC20","cell division cycle 20 homolog (S. cerevisiae)","epsilon",140
"216598_s_at",6347,"CCL2","chemokine (C-C motif) ligand 2","epsilon",141
"213324_at",6714,"SRC","v-src sarcoma (Schmidt-Ruppin A-2) viral oncogene homolog (avian)","epsilon",142
"211518_s_at",652,"BMP4","bone morphogenetic protein 4","epsilon",143
"203565_s_at",4331,"MNAT1","menage a trois homolog 1, cyclin H assembly factor (Xenopus laevis)","epsilon",144
"221060_s_at",7099,"TLR4","toll-like receptor 4","epsilon",145
"205039_s_at",10320,"IKZF1","IKAROS family zinc finger 1 (Ikaros)","epsilon",146
"206070_s_at",2042,"EPHA3","EPH receptor A3","epsilon",147
"205467_at",843,"CASP10","caspase 10, apoptosis-related cysteine peptidase","epsilon",148
"207181_s_at",840,"CASP7","caspase 7, apoptosis-related cysteine peptidase","epsilon",149
"207334_s_at",7048,"TGFBR2","transforming growth factor, beta receptor II (70/80kDa)","epsilon",150
"218902_at",4851,"NOTCH1","notch 1","epsilon",151
"201469_s_at",6464,"SHC1","SHC (Src homology 2 domain containing) transforming protein 1","epsilon",152
"221562_s_at",23410,"SIRT3","sirtuin 3","epsilon",153
"208905_at",54205,"CYCS","cytochrome c, somatic","epsilon",154
"209576_at",2770,"GNAI1","guanine nucleotide binding protein (G protein), alpha inhibiting activity polypeptide 1","epsilon",155
"219208_at",80204,"FBXO11","F-box protein 11","epsilon",156
"207968_s_at",4208,"MEF2C","myocyte enhancer factor 2C","epsilon",157
"201536_at",1845,"DUSP3","dual specificity phosphatase 3","epsilon",158
"216347_s_at",23368,"PPP1R13B","protein phosphatase 1, regulatory subunit 13B","epsilon",159
"206099_at",5583,"PRKCH","protein kinase C, eta","epsilon",160
"205899_at",8900,"CCNA1","cyclin A1","epsilon",161
"208478_s_at",581,"BAX","BCL2-associated X protein","epsilon",162
"200024_at",6193,"RPS5","ribosomal protein S5","epsilon",163
"204466_s_at",6622,"SNCA","synuclein, alpha (non A4 component of amyloid precursor)","epsilon",164
"207993_s_at",11261,"CHP","calcium binding protein P22","epsilon",165
"209875_s_at",6696,"SPP1","secreted phosphoprotein 1","epsilon",166
"212849_at",8312,"AXIN1","axin 1","epsilon",167
"208050_s_at",835,"CASP2","caspase 2, apoptosis-related cysteine peptidase","epsilon",168
"203705_s_at",8324,"FZD7","frizzled family receptor 7","epsilon",169
"208891_at",1848,"DUSP6","dual specificity phosphatase 6","epsilon",170
"206170_at",154,"ADRB2","adrenergic, beta-2-, receptor, surface","epsilon",171
"204475_at",4312,"MMP1","matrix metallopeptidase 1 (interstitial collagenase)","epsilon",172
"201853_s_at",994,"CDC25B","cell division cycle 25 homolog B (S. pombe)","epsilon",173
"209588_at",2048,"EPHB2","EPH receptor B2","epsilon",174
"205393_s_at",1111,"CHEK1","CHK1 checkpoint homolog (S. pombe)","epsilon",175
"205463_s_at",5154,"PDGFA","platelet-derived growth factor alpha polypeptide","epsilon",176
"209774_x_at",2920,"CXCL2","chemokine (C-X-C motif) ligand 2","epsilon",177
"208894_at",3122,"HLA-DRA","major histocompatibility complex, class II, DR alpha","epsilon",178
"205349_at",2769,"GNA15","guanine nucleotide binding protein (G protein), alpha 15 (Gq class)","epsilon",179
"209050_s_at",5900,"RALGDS","ral guanine nucleotide dissociation stimulator","epsilon",180
"203408_s_at",6304,"SATB1","SATB homeobox 1","epsilon",181
"201102_s_at",5211,"PFKL","phosphofructokinase, liver","epsilon",182
"210761_s_at",2886,"GRB7","growth factor receptor-bound protein 7","epsilon",183
"201460_at",9261,"MAPKAPK2","mitogen-activated protein kinase-activated protein kinase 2","epsilon",184
"209467_s_at",8569,"MKNK1","MAP kinase interacting serine/threonine kinase 1","epsilon",185
"200799_at",3303,"HSPA1A","heat shock 70kDa protein 1A","epsilon",186
"213384_x_at",5331,"PLCB3","phospholipase C, beta 3 (phosphatidylinositol-specific)","epsilon",187
"202240_at",5347,"PLK1","polo-like kinase 1","epsilon",188
"202555_s_at",4638,"MYLK","myosin light chain kinase","epsilon",189
"204579_at",2264,"FGFR4","fibroblast growth factor receptor 4","epsilon",190
"207039_at",1029,"CDKN2A","cyclin-dependent kinase inhibitor 2A (melanoma, p16, inhibits CDK4)","epsilon",191
"209112_at",1027,"CDKN1B","cyclin-dependent kinase inhibitor 1B (p27, Kip1)","epsilon",192
"217398_x_at",2597,"GAPDH","glyceraldehyde-3-phosphate dehydrogenase","epsilon,deltap",193
"218597_s_at",55847,"CISD1","CDGSH iron sulfur domain 1","epsilon,deltap",194
"214404_x_at",25803,"SPDEF","SAM pointed domain containing ets transcription factor","epsilon,deltap",195
"203627_at",3480,"IGF1R","insulin-like growth factor 1 receptor","epsilon,deltap",196
"204418_x_at",2946,"GSTM2","glutathione S-transferase mu 2 (muscle)","epsilon,deltap",197
"203127_s_at",9517,"SPTLC2","serine palmitoyltransferase, long chain base subunit 2","epsilon,deltap",198
"218245_at",25987,"TSKU","tsukushi small leucine rich proteoglycan homolog (Xenopus laevis)","epsilon,deltap",199
"218113_at",23670,"TMEM2","transmembrane protein 2","epsilon,deltap",200
"220091_at",11182,"SLC2A6","solute carrier family 2 (facilitated glucose transporter), member 6","epsilon,deltap",201
"203358_s_at",2146,"EZH2","enhancer of zeste homolog 2 (Drosophila)","epsilon,deltap",202
"204949_at",3385,"ICAM3","intercellular adhesion molecule 3","epsilon,deltap",203
"203709_at",5261,"PHKG2","phosphorylase kinase, gamma 2 (testis)","epsilon,deltap",204
"201548_s_at",10765,"KDM5B","lysine (K)-specific demethylase 5B","epsilon,deltap",205
"212189_s_at",25839,"COG4","component of oligomeric golgi complex 4","epsilon,deltap",206
"201555_at",4172,"MCM3","minichromosome maintenance complex component 3","epsilon,deltap",207
"213292_s_at",23161,"SNX13","sorting nexin 13","epsilon,deltap",208
"203154_s_at",10298,"PAK4","p21 protein (Cdc42/Rac)-activated kinase 4","epsilon,deltap",209
"204514_at",1802,"DPH2","DPH2 homolog (S. cerevisiae)","epsilon,deltap",210
"217789_at",58533,"SNX6","sorting nexin 6","epsilon,deltap",211
"212051_at",147179,"WIPF2","WAS/WASL interacting protein family, member 2","epsilon,deltap",212
"218407_x_at",29937,"NENF","neudesin neurotrophic factor","epsilon,deltap",213
"201011_at",6184,"RPN1","ribophorin I","epsilon,deltap",214
"204757_s_at",9854,"C2CD2L","C2CD2-like","epsilon,deltap",215
"206173_x_at",2553,"GABPB1","GA binding protein transcription factor, beta subunit 1","epsilon,deltap",216
"202635_s_at",5440,"POLR2K","polymerase (RNA) II (DNA directed) polypeptide K, 7.0kDa","epsilon,deltap",217
"202093_s_at",54623,"PAF1","Paf1, RNA polymerase II associated factor, homolog (S. cerevisiae)","epsilon,deltap",218
"207515_s_at",9533,"POLR1C","polymerase (RNA) I polypeptide C, 30kDa","epsilon,deltap",219
"201614_s_at",8607,"RUVBL1","RuvB-like 1 (E. coli)","epsilon,deltap",220
"207163_s_at",207,"AKT1","v-akt murine thymoma viral oncogene homolog 1","epsilon,deltap",221
"202318_s_at",26054,"SENP6","SUMO1/sentrin specific peptidase 6","epsilon,deltap",222
"202735_at",10682,"EBP","emopamil binding protein (sterol isomerase)","epsilon,deltap",223
"207620_s_at",8573,"CASK","calcium/calmodulin-dependent serine protein kinase (MAGUK family)","epsilon,deltap",224
"203171_s_at",23378,"RRP8","ribosomal RNA processing 8, methyltransferase, homolog (yeast)","epsilon,deltap",225
"201170_s_at",8553,"BHLHE40","basic helix-loop-helix family, member e40","epsilon,deltap",226
"211715_s_at",622,"BDH1","3-hydroxybutyrate dehydrogenase, type 1","epsilon,deltap",227
"201811_x_at",9467,"SH3BP5","SH3-domain binding protein 5 (BTK-associated)","epsilon,deltap",228
"202187_s_at",5525,"PPP2R5A","protein phosphatase 2, regulatory subunit B', alpha","epsilon,deltap",229
"203442_x_at",256364,"EML3","echinoderm microtubule associated protein like 3","epsilon,deltap",230
"202095_s_at",332,"BIRC5","baculoviral IAP repeat containing 5","epsilon,deltap",231
"200843_s_at",2058,"EPRS","glutamyl-prolyl-tRNA synthetase","epsilon,deltap",232
"121_at",7849,"PAX8","paired box 8","epsilon,deltap",233
"212140_at",23244,"PDS5A","PDS5, regulator of cohesion maintenance, homolog A (S. cerevisiae)","epsilon,deltap",234
"200670_at",7494,"XBP1","X-box binding protein 1","epsilon,deltap",235
"201158_at",4836,"NMT1","N-myristoyltransferase 1","epsilon,deltap",236
"202109_at",23647,"ARFIP2","ADP-ribosylation factor interacting protein 2","epsilon,deltap",237
"202811_at",10617,"STAMBP","STAM binding protein","epsilon,deltap",238
"202862_at",2184,"FAH","fumarylacetoacetate hydrolase (fumarylacetoacetase)","epsilon,deltap",239
"201136_at",5355,"PLP2","proteolipid protein 2 (colonic epithelium-enriched)","epsilon,deltap",240
"201416_at",6659,"SOX4","SRY (sex determining region Y)-box 4","epsilon,deltap",241
"204106_at",7016,"TESK1","testis-specific kinase 1","epsilon,deltap",242
"212115_at",90861,"HN1L","hematological and neurological expressed 1-like","epsilon,deltap",243
"201628_s_at",10670,"RRAGA","Ras-related GTP binding A","epsilon,deltap",244
"204256_at",79071,"ELOVL6","ELOVL fatty acid elongase 6","epsilon,deltap",245
"202324_s_at",64746,"ACBD3","acyl-CoA binding domain containing 3","epsilon,deltap",246
"204285_s_at",5366,"PMAIP1","phorbol-12-myristate-13-acetate-induced protein 1","epsilon,deltap",247
"202009_at",11344,"TWF2","twinfilin, actin-binding protein, homolog 2 (Drosophila)","epsilon,deltap",248
"206846_s_at",10013,"HDAC6","histone deacetylase 6","epsilon,deltap",249
"201087_at",5829,"PXN","paxillin","epsilon,deltap",250
"202738_s_at",5257,"PHKB","phosphorylase kinase, beta","epsilon,deltap",251
"207842_s_at",22794,"CASC3","cancer susceptibility candidate 3","epsilon,deltap",252
"200617_at",9761,"MLEC","malectin","epsilon,deltap",253
"200083_at",23326,"USP22","ubiquitin specific peptidase 22","epsilon,deltap",254
"200929_at",10972,"TMED10","transmembrane emp24-like trafficking protein 10 (yeast)","epsilon,deltap",255
"202230_s_at",10523,"CHERP","calcium homeostasis endoplasmic reticulum protein","epsilon,deltap",256
"204985_s_at",79090,"TRAPPC6A","trafficking protein particle complex 6A","epsilon,deltap",257
"212255_s_at",27032,"ATP2C1","ATPase, Ca++ transporting, type 2C, member 1","epsilon,deltap",258
"201671_x_at",9097,"USP14","ubiquitin specific peptidase 14 (tRNA-guanine transglycosylase)","epsilon,deltap",259
"202630_at",10513,"APPBP2","amyloid beta precursor protein (cytoplasmic tail) binding protein 2","epsilon,deltap",260
"200789_at",1891,"ECH1","enoyl CoA hydratase 1, peroxisomal","epsilon,deltap",261
"201833_at",3066,"HDAC2","histone deacetylase 2","epsilon,deltap",262
"203465_at",9801,"MRPL19","mitochondrial ribosomal protein L19","epsilon,deltap",263
"203575_at",1459,"CSNK2A2","casein kinase 2, alpha prime polypeptide","epsilon,deltap",264
"201729_s_at",9703,"KIAA0100","KIAA0100","epsilon,deltap",265
"201014_s_at",10606,"PAICS","phosphoribosylaminoimidazole carboxylase, phosphoribosylaminoimidazole succinocarboxamide synthetase","epsilon,deltap",266
"204252_at",1017,"CDK2","cyclin-dependent kinase 2","epsilon,deltap",267
"201778_s_at",9813,"KIAA0494","KIAA0494","epsilon,deltap",268
"202749_at",7485,"WRB","tryptophan rich basic protein","epsilon,deltap",269
"202942_at",2109,"ETFB","electron-transfer-flavoprotein, beta polypeptide","epsilon,deltap",270
"212765_at",23271,"CAMSAP2","calmodulin regulated spectrin-associated protein family, member 2","epsilon,deltap",271
"202986_at",9915,"ARNT2","aryl-hydrocarbon receptor nuclear translocator 2","epsilon,deltap",272
"200053_at",9552,"SPAG7","sperm associated antigen 7","epsilon,deltap",273
"212644_s_at",93487,"MAPK1IP1L","mitogen-activated protein kinase 1 interacting protein 1-like","epsilon,deltap",274
"202911_at",2956,"MSH6","mutS homolog 6 (E. coli)","epsilon,deltap",275
"202954_at",11065,"UBE2C","ubiquitin-conjugating enzyme E2C","epsilon,deltap",276
"203285_s_at",9653,"HS2ST1","heparan sulfate 2-O-sulfotransferase 1","epsilon,deltap",277
"212300_at",200081,"TXLNA","taxilin alpha","epsilon,deltap",278
"200666_s_at",3337,"DNAJB1","DnaJ (Hsp40) homolog, subfamily B, member 1","epsilon,deltap",279
"202633_at",11073,"TOPBP1","topoisomerase (DNA) II binding protein 1","epsilon,deltap",280
"200045_at",23,"ABCF1","ATP-binding cassette, sub-family F (GCN20), member 1","epsilon,deltap",281
"201212_at",5641,"LGMN","legumain","epsilon,deltap",282
"201620_at",8720,"MBTPS1","membrane-bound transcription factor peptidase, site 1","epsilon,deltap",283
"204937_s_at",10782,"ZNF274","zinc finger protein 274","epsilon,deltap",284
"201560_at",25932,"CLIC4","chloride intracellular channel 4","epsilon,deltap",285
"202282_at",3028,"HSD17B10","hydroxysteroid (17-beta) dehydrogenase 10","epsilon,deltap",286
"204729_s_at",6804,"STX1A","syntaxin 1A (brain)","epsilon,deltap",287
"203418_at",890,"CCNA2","cyclin A2","epsilon,deltap",288
"202675_at",6390,"SDHB","succinate dehydrogenase complex, subunit B, iron sulfur (Ip)","epsilon,deltap",289
"205451_at",4303,"FOXO4","forkhead box O4","epsilon,deltap",290
"201870_at",10953,"TOMM34","translocase of outer mitochondrial membrane 34","epsilon,deltap",291
"202220_at",22889,"KIAA0907","KIAA0907","epsilon,deltap",292
"200697_at",3098,"HK1","hexokinase 1","epsilon,deltap",293
"202466_at",11044,"PAPD7","PAP associated domain containing 7","epsilon,deltap",294
"202185_at",8985,"PLOD3","procollagen-lysine, 2-oxoglutarate 5-dioxygenase 3","epsilon,deltap",295
"202125_s_at",66008,"TRAK2","trafficking protein, kinesin binding 2","epsilon,deltap",296
"202550_s_at",9217,"VAPB","VAMP (vesicle-associated membrane protein)-associated protein B and C","epsilon,deltap",297
"203755_at",701,"BUB1B","budding uninhibited by benzimidazoles 1 homolog beta (yeast)","epsilon,deltap",298
"203931_s_at",6182,"MRPL12","mitochondrial ribosomal protein L12","epsilon,deltap",299
"201695_s_at",4860,"PNP","purine nucleoside phosphorylase","epsilon,deltap",300
"202413_s_at",7398,"USP1","ubiquitin specific peptidase 1","epsilon,deltap",301
"201528_at",6117,"RPA1","replication protein A1, 70kDa","epsilon,deltap",302
"217906_at",23588,"KLHDC2","kelch domain containing 2","epsilon,deltap",303
"201819_at",949,"SCARB1","scavenger receptor class B, member 1","epsilon,deltap",304
"210986_s_at",7168,"TPM1","tropomyosin 1 (alpha)","epsilon,deltap",305
"201078_at",9375,"TM9SF2","transmembrane 9 superfamily member 2","epsilon,deltap",306
"202900_s_at",4927,"NUP88","nucleoporin 88kDa","epsilon,deltap",307
"206109_at",2523,"FUT1","fucosyltransferase 1 (galactoside 2-alpha-L-fucosyltransferase, H blood group)","epsilon,deltap",308
"209586_s_at",58497,"PRUNE","prune homolog (Drosophila)","epsilon,deltap",309
"201260_s_at",6856,"SYPL1","synaptophysin-like 1","epsilon,deltap",310
"212557_at",26036,"ZNF451","zinc finger protein 451","epsilon,deltap",311
"203659_s_at",10206,"TRIM13","tripartite motif containing 13","epsilon,deltap",312
"201178_at",25793,"FBXO7","F-box protein 7","epsilon,deltap",313
"204143_s_at",55556,"ENOSF1","enolase superfamily member 1","epsilon,deltap",314
"202726_at",3978,"LIG1","ligase I, DNA, ATP-dependent","epsilon,deltap",315
"204000_at",10681,"GNB5","guanine nucleotide binding protein (G protein), beta 5","epsilon,deltap",316
"201626_at",3638,"INSIG1","insulin induced gene 1","epsilon,deltap",317
"202708_s_at",8349,"HIST2H2BE","histone cluster 2, H2be","epsilon,deltap",318
"203186_s_at",6275,"S100A4","S100 calcium binding protein A4","epsilon,deltap",319
"200915_x_at",3895,"KTN1","kinectin 1 (kinesin receptor)","epsilon,deltap",320
"202117_at",392,"ARHGAP1","Rho GTPase activating protein 1","epsilon,deltap",321
"206723_s_at",9170,"LPAR2","lysophosphatidic acid receptor 2","epsilon,deltap",322
"201913_s_at",80347,"COASY","CoA synthase","epsilon,deltap",323
"201855_s_at",23300,"ATMIN","ATM interactor","epsilon,deltap",324
"202763_at",836,"CASP3","caspase 3, apoptosis-related cysteine peptidase","epsilon,deltap",325
"201591_s_at",11188,"NISCH","nischarin","epsilon,deltap",326
"206688_s_at",10898,"CPSF4","cleavage and polyadenylation specific factor 4, 30kDa","epsilon,deltap",327
"201098_at",9276,"COPB2","coatomer protein complex, subunit beta 2 (beta prime)","epsilon,deltap",328
"203725_at",1647,"GADD45A","growth arrest and DNA-damage-inducible, alpha","epsilon,deltap",329
"200071_at",10285,"SMNDC1","survival motor neuron domain containing 1","epsilon,deltap",330
"201270_x_at",23386,"NUDCD3","NudC domain containing 3","epsilon,deltap",331
"202540_s_at",3156,"HMGCR","3-hydroxy-3-methylglutaryl-CoA reductase","epsilon,deltap",332
"202433_at",10237,"SLC35B1","solute carrier family 35, member B1","epsilon,deltap",333
"203167_at",7077,"TIMP2","TIMP metallopeptidase inhibitor 2","epsilon,deltap",334
"205036_at",11157,"LSM6","LSM6 homolog, U6 small nuclear RNA associated (S. cerevisiae)","epsilon,deltap",335
"202797_at",22908,"SACM1L","SAC1 suppressor of actin mutations 1-like (yeast)","epsilon,deltap",336
"202396_at",10915,"TCERG1","transcription elongation regulator 1","epsilon,deltap",337
"201985_at",9897,"KIAA0196","KIAA0196","epsilon,deltap",338
"215116_s_at",1759,"DNM1","dynamin 1","epsilon,deltap",339
"202887_s_at",54541,"DDIT4","DNA-damage-inducible transcript 4","epsilon,deltap",340
"205633_s_at",211,"ALAS1","aminolevulinate, delta-, synthase 1","epsilon,deltap",341
"200816_s_at",5048,"PAFAH1B1","platelet-activating factor acetylhydrolase 1b, regulatory subunit 1 (45kDa)","epsilon,deltap",342
"201896_s_at",84722,"PSRC1","proline/serine-rich coiled-coil 1","epsilon,deltap",343
"202689_at",29890,"RBM15B","RNA binding motif protein 15B","epsilon,deltap",344
"201519_at",9868,"TOMM70A","translocase of outer mitochondrial membrane 70 homolog A (S. cerevisiae)","epsilon,deltap",345
"209213_at",873,"CBR1","carbonyl reductase 1","epsilon,deltap",346
"202545_at",5580,"PRKCD","protein kinase C, delta","epsilon,deltap",347
"201466_s_at",3725,"JUN","jun proto-oncogene","epsilon,deltap",348
"217766_s_at",23585,"TMEM50A","transmembrane protein 50A","epsilon,deltap",349
"201825_s_at",51097,"SCCPDH","saccharopine dehydrogenase (putative)","epsilon,deltap",350
"208763_s_at",1831,"TSC22D3","TSC22 domain family, member 3","epsilon,deltap",351
"204654_s_at",7020,"TFAP2A","transcription factor AP-2 alpha (activating enhancer binding protein 2 alpha)","epsilon,deltap",352
"218149_s_at",55893,"ZNF395","zinc finger protein 395","epsilon,deltap",353
"202261_at",6944,"VPS72","vacuolar protein sorting 72 homolog (S. cerevisiae)","epsilon,deltap",354
"201561_s_at",22883,"CLSTN1","calsyntenin 1","epsilon,deltap",355
"203218_at",5601,"MAPK9","mitogen-activated protein kinase 9","epsilon,deltap",356
"202868_s_at",10775,"POP4","processing of precursor 4, ribonuclease P/MRP subunit (S. cerevisiae)","epsilon,deltap",357
"201146_at",4780,"NFE2L2","nuclear factor (erythroid-derived 2)-like 2","epsilon,deltap",358
"201032_at",10904,"BLCAP","bladder cancer associated protein","epsilon,deltap",359
"202916_s_at",9917,"FAM20B","family with sequence similarity 20, member B","epsilon,deltap",360
"212180_at",1399,"CRKL","v-crk sarcoma virus CT10 oncogene homolog (avian)-like","epsilon,deltap",361
"203521_s_at",24149,"ZNF318","zinc finger protein 318","epsilon,deltap",362
"208647_at",2222,"FDFT1","farnesyl-diphosphate farnesyltransferase 1","epsilon,deltap",363
"201391_at",10131,"TRAP1","TNF receptor-associated protein 1","epsilon,deltap",364
"202678_at",2958,"GTF2A2","general transcription factor IIA, 2, 12kDa","epsilon,deltap",365
"203208_s_at",9650,"MTFR1","mitochondrial fission regulator 1","epsilon,deltap",366
"201899_s_at",7319,"UBE2A","ubiquitin-conjugating enzyme E2A","epsilon,deltap",367
"202891_at",4817,"NIT1","nitrilase 1","epsilon,deltap",368
"205691_at",9143,"SYNGR3","synaptogyrin 3","epsilon,deltap",369
"201314_at",10494,"STK25","serine/threonine kinase 25","epsilon,deltap",370
"202394_s_at",55324,"ABCF3","ATP-binding cassette, sub-family F (GCN20), member 3","epsilon,deltap",371
"213669_at",23149,"FCHO1","FCH domain only 1","epsilon,deltap",372
"202696_at",9943,"OXSR1","oxidative-stress responsive 1","epsilon,deltap",373
"201074_at",6599,"SMARCC1","SWI/SNF related, matrix associated, actin dependent regulator of chromatin, subfamily c, member 1","epsilon,deltap",374
"209092_s_at",51031,"GLOD4","glyoxalase domain containing 4","epsilon,deltap",375
"203233_at",3566,"IL4R","interleukin 4 receptor","epsilon,deltap",376
"205051_s_at",3815,"KIT","v-kit Hardy-Zuckerman 4 feline sarcoma viral oncogene homolog","epsilon,deltap",377
"203405_at",8624,"PSMG1","proteasome (prosome, macropain) assembly chaperone 1","epsilon,deltap",378
"212281_s_at",27346,"TMEM97","transmembrane protein 97","epsilon,deltap",379
"201932_at",10489,"LRRC41","leucine rich repeat containing 41","epsilon,deltap",380
"212453_at",26128,"KIAA1279","KIAA1279","epsilon,deltap",381
"202371_at",79921,"TCEAL4","transcription elongation factor A (SII)-like 4","epsilon,deltap",382
"202184_s_at",55746,"NUP133","nucleoporin 133kDa","epsilon,deltap",383
"202153_s_at",23636,"NUP62","nucleoporin 62kDa","epsilon,deltap",384
"208309_s_at",10892,"MALT1","mucosa associated lymphoid tissue lymphoma translocation gene 1","epsilon,deltap",385
"217784_at",10652,"YKT6","YKT6 v-SNARE homolog (S. cerevisiae)","epsilon,deltap",386
"209408_at",11004,"KIF2C","kinesin family member 2C","epsilon,deltap",387
"202784_s_at",23530,"NNT","nicotinamide nucleotide transhydrogenase","epsilon,deltap",388
"200791_s_at",8826,"IQGAP1","IQ motif containing GTPase activating protein 1","epsilon,deltap",389
"211015_s_at",3308,"HSPA4","heat shock 70kDa protein 4","epsilon,deltap",390
"201292_at",7153,"TOP2A","topoisomerase (DNA) II alpha 170kDa","epsilon,deltap",391
"203188_at",11041,"B3GNT1","UDP-GlcNAc:betaGal beta-1,3-N-acetylglucosaminyltransferase 1","epsilon,deltap",392
"201339_s_at",6342,"SCP2","sterol carrier protein 2","epsilon,deltap",393
"204828_at",5883,"RAD9A","RAD9 homolog A (S. pombe)","epsilon,deltap",394
"203258_at",10589,"DRAP1","DR1-associated protein 1 (negative cofactor 2 alpha)","epsilon,deltap",395
"205202_at",5110,"PCMT1","protein-L-isoaspartate (D-aspartate) O-methyltransferase","epsilon,deltap",396
"202431_s_at",4609,"MYC","v-myc myelocytomatosis viral oncogene homolog (avian)","epsilon,deltap",397
"203616_at",5423,"POLB","polymerase (DNA directed), beta","epsilon,deltap",398
"209662_at",1070,"CETN3","centrin, EF-hand protein, 3","epsilon,deltap",399
"201664_at",10051,"SMC4","structural maintenance of chromosomes 4","epsilon,deltap",400
"201827_at",6603,"SMARCD2","SWI/SNF related, matrix associated, actin dependent regulator of chromatin, subfamily d, member 2","epsilon,deltap",401
"201875_s_at",9019,"MPZL1","myelin protein zero-like 1","epsilon,deltap",402
"201323_at",10969,"EBNA1BP2","EBNA1 binding protein 2","epsilon,deltap",403
"203648_at",9797,"TATDN2","TatD DNase domain containing 2","epsilon,deltap",404
"201186_at",4043,"LRPAP1","low density lipoprotein receptor-related protein associated protein 1","epsilon,deltap",405
"208398_s_at",9519,"TBPL1","TBP-like 1","epsilon,deltap",406
"211318_s_at",8480,"RAE1","RAE1 RNA export 1 homolog (S. pombe)","epsilon,deltap",407
"203213_at",983,"CDK1","cyclin-dependent kinase 1","epsilon,deltap",408
"203306_s_at",10559,"SLC35A1","solute carrier family 35 (CMP-sialic acid transporter), member A1","epsilon,deltap",409
"201709_s_at",8508,"NIPSNAP1","nipsnap homolog 1 (C. elegans)","epsilon,deltap",410
"202518_at",9275,"BCL7B","B-cell CLL/lymphoma 7B","epsilon,deltap",411
"203046_s_at",8914,"TIMELESS","timeless homolog (Drosophila)","epsilon,deltap",412
"212648_at",54505,"DHX29","DEAH (Asp-Glu-Ala-His) box polypeptide 29","epsilon,deltap",413
"203919_at",6919,"TCEA2","transcription elongation factor A (SII), 2","epsilon,deltap",414
"202949_s_at",2274,"FHL2","four and a half LIM domains 2","epsilon,deltap",415
"200895_s_at",2288,"FKBP4","FK506 binding protein 4, 59kDa","epsilon,deltap",416
"202423_at",7994,"KAT6A","K(lysine) acetyltransferase 6A","epsilon,deltap",417
"204089_x_at",4216,"MAP3K4","mitogen-activated protein kinase kinase kinase 4","epsilon,deltap",418
"201531_at",7538,"ZFP36","zinc finger protein 36, C3H type, homolog (mouse)","epsilon,deltap",419
"202794_at",3628,"INPP1","inositol polyphosphate-1-phosphatase","epsilon,deltap",420
"201719_s_at",2037,"EPB41L2","erythrocyte membrane protein band 4.1-like 2","epsilon,deltap",421
"201040_at",2771,"GNAI2","guanine nucleotide binding protein (G protein), alpha inhibiting activity polypeptide 2","epsilon,deltap",422
"36936_at",7264,"TSTA3","tissue specific transplantation antigen P35B","epsilon,deltap",423
"201697_s_at",1786,"DNMT1","DNA (cytosine-5-)-methyltransferase 1","epsilon,deltap",424
"209515_s_at",5873,"RAB27A","RAB27A, member RAS oncogene family","epsilon,deltap",425
"1007_s_at",780,"DDR1","discoidin domain receptor tyrosine kinase 1","epsilon,deltap",426
"202651_at",9926,"LPGAT1","lysophosphatidylglycerol acyltransferase 1","epsilon,deltap",427
"202703_at",8446,"DUSP11","dual specificity phosphatase 11 (RNA/RNP complex 1-interacting)","epsilon,deltap",428
"203120_at",7159,"TP53BP2","tumor protein p53 binding protein, 2","epsilon,deltap",429
"202284_s_at",1026,"CDKN1A","cyclin-dependent kinase inhibitor 1A (p21, Cip1)","epsilon,deltap",430
"202011_at",7082,"TJP1","tight junction protein 1 (zona occludens 1)","epsilon,deltap",431
"203192_at",10058,"ABCB6","ATP-binding cassette, sub-family B (MDR/TAP), member 6","epsilon,deltap",432
"201761_at",10797,"MTHFD2","methylenetetrahydrofolate dehydrogenase (NADP+ dependent) 2, methenyltetrahydrofolate cyclohydrolase","epsilon,deltap",433
"203456_at",11230,"PRAF2","PRA1 domain family, member 2","epsilon,deltap",434
"202776_at",30836,"DNTTIP2","deoxynucleotidyltransferase, terminal, interacting protein 2","epsilon,deltap",435
"202602_s_at",27336,"HTATSF1","HIV-1 Tat specific factor 1","epsilon,deltap",436
"201774_s_at",9918,"NCAPD2","non-SMC condensin I complex, subunit D2","epsilon,deltap",437
"201361_at",79073,"TMEM109","transmembrane protein 109","epsilon,deltap",438
"202188_at",9688,"NUP93","nucleoporin 93kDa","epsilon,deltap",439
"204458_at",23659,"PLA2G15","phospholipase A2, group XV","epsilon,deltap",440
"201080_at",8396,"PIP4K2B","phosphatidylinositol-5-phosphate 4-kinase, type II, beta","epsilon,deltap",441
"201959_s_at",23077,"MYCBP2","MYC binding protein 2","epsilon,deltap",442
"201121_s_at",10857,"PGRMC1","progesterone receptor membrane component 1","epsilon,deltap",443
"201000_at",16,"AARS","alanyl-tRNA synthetase","epsilon,deltap",444
"202756_s_at",2817,"GPC1","glypican 1","epsilon,deltap",445
"201767_s_at",60528,"ELAC2","elaC homolog 2 (E. coli)","epsilon,deltap",446
"202446_s_at",5359,"PLSCR1","phospholipid scramblase 1","epsilon,deltap",447
"202087_s_at",1514,"CTSL1","cathepsin L1","epsilon,deltap",448
"200766_at",1509,"CTSD","cathepsin D","epsilon,deltap",449
"209435_s_at",9181,"ARHGEF2","Rho/Rac guanine nucleotide exchange factor (GEF) 2","epsilon,deltap",450
"201234_at",3611,"ILK","integrin-linked kinase","epsilon,deltap",451
"203574_at",4783,"NFIL3","nuclear factor, interleukin 3 regulated","epsilon,deltap",452
"202208_s_at",10123,"ARL4C","ADP-ribosylation factor-like 4C","epsilon,deltap",453
"202119_s_at",8895,"CPNE3","copine III","epsilon,deltap",454
"201462_at",9805,"SCRN1","secernin 1","epsilon,deltap",455
"209166_s_at",4125,"MAN2B1","mannosidase, alpha, class 2B, member 1","epsilon,deltap",456
"201572_x_at",1635,"DCTD","dCMP deaminase","epsilon,deltap",457
"201152_s_at",4154,"MBNL1","muscleblind-like (Drosophila)","epsilon,deltap",458
"203360_s_at",26292,"MYCBP","c-myc binding protein","epsilon,deltap",459
"202716_at",5770,"PTPN1","protein tyrosine phosphatase, non-receptor type 1","epsilon,deltap",460
"202427_s_at",25874,"BRP44","brain protein 44","epsilon,deltap",461
"203013_at",11319,"ECD","ecdysoneless homolog (Drosophila)","epsilon,deltap",462
"200810_s_at",1153,"CIRBP","cold inducible RNA binding protein","epsilon,deltap",463
"202458_at",11098,"PRSS23","protease, serine, 23","epsilon,deltap",464
"202733_at",8974,"P4HA2","prolyl 4-hydroxylase, alpha polypeptide II","epsilon,deltap",465
"200078_s_at",533,"ATP6V0B","ATPase, H+ transporting, lysosomal 21kDa, V0 subunit b","epsilon,deltap",466
"200752_s_at",823,"CAPN1","calpain 1, (mu/I) large subunit","epsilon,deltap",467
"202260_s_at",6812,"STXBP1","syntaxin binding protein 1","epsilon,deltap",468
"201125_s_at",3693,"ITGB5","integrin, beta 5","epsilon,deltap",469
"203123_s_at",4891,"SLC11A2","solute carrier family 11 (proton-coupled divalent metal ion transporters), member 2","epsilon,deltap",470
"203857_s_at",10954,"PDIA5","protein disulfide isomerase family A, member 5","epsilon,deltap",471
"203911_at",5909,"RAP1GAP","RAP1 GTPase activating protein","epsilon,deltap",472
"205895_s_at",9221,"NOLC1","nucleolar and coiled-body phosphoprotein 1","epsilon,deltap",473
"201432_at",847,"CAT","catalase","epsilon,deltap",474
"203367_at",11072,"DUSP14","dual specificity phosphatase 14","epsilon,deltap",475
"202241_at",10221,"TRIB1","tribbles homolog 1 (Drosophila)","epsilon,deltap",476
"203050_at",7158,"TP53BP1","tumor protein p53 binding protein 1","epsilon,deltap",477
"208945_s_at",8678,"BECN1","beclin 1, autophagy related","epsilon,deltap",478
"200698_at",11014,"KDELR2","KDEL (Lys-Asp-Glu-Leu) endoplasmic reticulum protein retention receptor 2","epsilon,deltap",479
"201727_s_at",1994,"ELAVL1","ELAV (embryonic lethal, abnormal vision, Drosophila)-like 1 (Hu antigen R)","epsilon,deltap",480
"201393_s_at",3482,"IGF2R","insulin-like growth factor 2 receptor","epsilon,deltap",481
"212665_at",25976,"TIPARP","TCDD-inducible poly(ADP-ribose) polymerase","epsilon,deltap",482
"201380_at",10491,"CRTAP","cartilage associated protein","epsilon,deltap",483
"218350_s_at",51053,"GMNN","geminin, DNA replication inhibitor","epsilon,deltap",484
"202880_s_at",9267,"CYTH1","cytohesin 1","epsilon,deltap",485
"201494_at",5547,"PRCP","prolylcarboxypeptidase (angiotensinase C)","epsilon,deltap",486
"213720_s_at",6597,"SMARCA4","SWI/SNF related, matrix associated, actin dependent regulator of chromatin, subfamily a, member 4","epsilon,deltap",487
"202990_at",5836,"PYGL","phosphorylase, glycogen, liver","epsilon,deltap",488
"201756_at",6118,"RPA2","replication protein A2, 32kDa","epsilon,deltap",489
"202680_at",2961,"GTF2E2","general transcription factor IIE, polypeptide 2, beta 34kDa","epsilon,deltap",490
"209860_s_at",310,"ANXA7","annexin A7","epsilon,deltap",491
"201266_at",7296,"TXNRD1","thioredoxin reductase 1","epsilon,deltap",492
"202950_at",1429,"CRYZ","crystallin, zeta (quinone reductase)","epsilon,deltap",493
"202812_at",2548,"GAA","glucosidase, alpha; acid","epsilon,deltap",494
"203727_at",6499,"SKIV2L","superkiller viralicidic activity 2-like (S. cerevisiae)","epsilon,deltap",495
"202179_at",642,"BLMH","bleomycin hydrolase","epsilon,deltap",496
"212846_at",23076,"RRP1B","ribosomal RNA processing 1 homolog B (S. cerevisiae)","epsilon,deltap",497
"200972_at",10099,"TSPAN3","tetraspanin 3","epsilon,deltap",498
"202417_at",9817,"KEAP1","kelch-like ECH-associated protein 1","epsilon,deltap",499
"209257_s_at",9126,"SMC3","structural maintenance of chromosomes 3","epsilon,deltap",500
"201795_at",3930,"LBR","lamin B receptor","epsilon,deltap",501
"202494_at",10450,"PPIE","peptidylprolyl isomerase E (cyclophilin E)","epsilon,deltap",502
"201174_s_at",54386,"TERF2IP","telomeric repeat binding factor 2, interacting protein","epsilon,deltap",503
"201849_at",664,"BNIP3","BCL2/adenovirus E1B 19kDa interacting protein 3","epsilon,deltap",504
"203685_at",596,"BCL2","B-cell CLL/lymphoma 2","epsilon,deltap",505
"201967_at",10180,"RBM6","RNA binding motif protein 6","epsilon,deltap",506
"202329_at",1445,"CSK","c-src tyrosine kinase","epsilon,deltap",507
"202022_at",230,"ALDOC","aldolase C, fructose-bisphosphate","epsilon,deltap",508
"201649_at",9246,"UBE2L6","ubiquitin-conjugating enzyme E2L 6","epsilon,deltap",509
"203557_s_at",5092,"PCBD1","pterin-4 alpha-carbinolamine dehydratase/dimerization cofactor of hepatocyte nuclear factor 1 alpha","epsilon,deltap",510
"201611_s_at",23463,"ICMT","isoprenylcysteine carboxyl methyltransferase","epsilon,deltap",511
"202382_s_at",10007,"GNPDA1","glucosamine-6-phosphate deaminase 1","epsilon,deltap",512
"203675_at",4925,"NUCB2","nucleobindin 2","epsilon,deltap",513
"201980_s_at",6251,"RSU1","Ras suppressor protein 1","epsilon,deltap",514
"202006_at",5782,"PTPN12","protein tyrosine phosphatase, non-receptor type 12","epsilon,deltap",515
"202847_at",5106,"PCK2","phosphoenolpyruvate carboxykinase 2 (mitochondrial)","epsilon,deltap",516
"202722_s_at",2673,"GFPT1","glutamine--fructose-6-phosphate transaminase 1","epsilon,deltap",517
"211729_x_at",644,"BLVRA","biliverdin reductase A","epsilon,deltap",518
"202598_at",6284,"S100A13","S100 calcium binding protein A13","epsilon,deltap",519
"201710_at",4605,"MYBL2","v-myb myeloblastosis viral oncogene homolog (avian)-like 2","epsilon,deltap",520
"203530_s_at",6810,"STX4","syntaxin 4","epsilon,deltap",521
"208716_s_at",54499,"TMCO1","transmembrane and coiled-coil domains 1","epsilon,deltap",522
"204610_s_at",11007,"CCDC85B","coiled-coil domain containing 85B","epsilon,deltap",523
"203409_at",1643,"DDB2","damage-specific DNA binding protein 2, 48kDa","epsilon,deltap",524
"203304_at",25805,"BAMBI","BMP and activin membrane-bound inhibitor homolog (Xenopus laevis)","epsilon,deltap",525
"201036_s_at",3033,"HADH","hydroxyacyl-CoA dehydrogenase","epsilon,deltap",526
"206662_at",2745,"GLRX","glutaredoxin (thioltransferase)","epsilon,deltap",527
"202180_s_at",9961,"MVP","major vault protein","epsilon,deltap",528
"200783_s_at",3925,"STMN1","stathmin 1","epsilon,deltap",529
"202528_at",2582,"GALE","UDP-galactose-4-epimerase","epsilon,deltap",530
"200636_s_at",5792,"PTPRF","protein tyrosine phosphatase, receptor type, F","epsilon,deltap",531
"201968_s_at",5236,"PGM1","phosphoglucomutase 1","epsilon,deltap",532
"203570_at",4016,"LOXL1","lysyl oxidase-like 1","epsilon,deltap",533
"201976_s_at",4651,"MYO10","myosin X","epsilon,deltap",534
"201847_at",3988,"LIPA","lipase A, lysosomal acid, cholesterol esterase","epsilon,deltap",535
"201397_at",26227,"PHGDH","phosphoglycerate dehydrogenase","epsilon,deltap",536
"207871_s_at",7982,"ST7","suppression of tumorigenicity 7","epsilon,deltap",537
"209341_s_at",3551,"IKBKB","inhibitor of kappa light polypeptide gene enhancer in B-cells, kinase beta","epsilon,deltap",538
"202174_s_at",5108,"PCM1","pericentriolar material 1","epsilon,deltap",539
"201631_s_at",8870,"IER3","immediate early response 3","epsilon,deltap",540
"201579_at",2195,"FAT1","FAT tumor suppressor homolog 1 (Drosophila)","epsilon,deltap",541
"202683_s_at",8731,"RNMT","RNA (guanine-7-) methyltransferase","epsilon,deltap",542
"201984_s_at",1956,"EGFR","epidermal growth factor receptor","epsilon,deltap",543
"201829_at",10276,"NET1","neuroepithelial cell transforming 1","epsilon,deltap",544
"202447_at",1666,"DECR1","2,4-dienoyl CoA reductase 1, mitochondrial","epsilon,deltap",545
"202679_at",4864,"NPC1","Niemann-Pick disease, type C1","epsilon,deltap",546
"202016_at",4232,"MEST","mesoderm specific transcript homolog (mouse)","epsilon,deltap",547
"203228_at",5050,"PAFAH1B3","platelet-activating factor acetylhydrolase 1b, catalytic subunit 3 (29kDa)","epsilon,deltap",548
"200757_s_at",813,"CALU","calumenin","epsilon,deltap",549
"208936_x_at",3964,"LGALS8","lectin, galactoside-binding, soluble, 8","epsilon,deltap",550
"201412_at",26020,"LRP10","low density lipoprotein receptor-related protein 10","epsilon,deltap",551
"201243_s_at",481,"ATP1B1","ATPase, Na+/K+ transporting, beta 1 polypeptide","epsilon,deltap",552
"202780_at",5019,"OXCT1","3-oxoacid CoA transferase 1","epsilon,deltap",553
"202825_at",291,"SLC25A4","solute carrier family 25 (mitochondrial carrier; adenine nucleotide translocator), member 4","epsilon,deltap",554
"212815_at",10973,"ASCC3","activating signal cointegrator 1 complex subunit 3","epsilon,deltap",555
"202368_s_at",9697,"TRAM2","translocation associated membrane protein 2","epsilon,deltap",556
"202148_s_at",5831,"PYCR1","pyrroline-5-carboxylate reductase 1","epsilon,deltap",557
"207700_s_at",8202,"NCOA3","nuclear receptor coactivator 3","epsilon,deltap",558
"202996_at",57804,"POLD4","polymerase (DNA-directed), delta 4","epsilon,deltap",559
"202801_at",5566,"PRKACA","protein kinase, cAMP-dependent, catalytic, alpha","epsilon,deltap",560
"203897_at",57149,"LYRM1","LYR motif containing 1","epsilon,deltap",561
"217140_s_at",7416,"VDAC1","voltage-dependent anion channel 1","epsilon,deltap",562
"209253_at",10174,"SORBS3","sorbin and SH3 domain containing 3","epsilon,deltap",563
"219888_at",6676,"SPAG4","sperm associated antigen 4","epsilon,deltap",564
"204087_s_at",8884,"SLC5A6","solute carrier family 5 (sodium-dependent vitamin transporter), member 6","epsilon,deltap",565
"202388_at",5997,"RGS2","regulator of G-protein signaling 2, 24kDa","epsilon,deltap",566
"205607_s_at",57147,"SCYL3","SCY1-like 3 (S. cerevisiae)","epsilon,deltap",567
"213417_at",6909,"TBX2","T-box 2","epsilon,deltap",568
"205963_s_at",9093,"DNAJA3","DnaJ (Hsp40) homolog, subfamily A, member 3","epsilon,deltap",569
"212851_at",23142,"DCUN1D4","DCN1, defective in cullin neddylation 1, domain containing 4 (S. cerevisiae)","epsilon,deltap",570
"210151_s_at",8444,"DYRK3","dual-specificity tyrosine-(Y)-phosphorylation regulated kinase 3","epsilon,deltap",571
"205811_at",11232,"POLG2","polymerase (DNA directed), gamma 2, accessory subunit","epsilon,deltap",572
"203512_at",27095,"TRAPPC3","trafficking protein particle complex 3","epsilon,deltap",573
"204849_at",10732,"TCFL5","transcription factor-like 5 (basic helix-loop-helix)","epsilon,deltap",574
"212591_at",23029,"RBM34","RNA binding motif protein 34","epsilon,deltap",575
"203336_s_at",9270,"ITGB1BP1","integrin beta 1 binding protein 1","epsilon,deltap",576
"210337_s_at",47,"ACLY","ATP citrate lyase","epsilon,deltap",577
"206066_s_at",5889,"RAD51C","RAD51 homolog C (S. cerevisiae)","epsilon,deltap",578
"201589_at",8243,"SMC1A","structural maintenance of chromosomes 1A","epsilon,deltap",579
"201351_s_at",10730,"YME1L1","YME1-like 1 (S. cerevisiae)","epsilon,deltap",580
"214274_s_at",30,"ACAA1","acetyl-CoA acyltransferase 1","epsilon,deltap",581
"202908_at",7466,"WFS1","Wolfram syndrome 1 (wolframin)","epsilon,deltap",582
"212403_at",89910,"UBE3B","ubiquitin protein ligase E3B","epsilon,deltap",583
"218086_at",56654,"NPDC1","neural proliferation, differentiation and control, 1","epsilon,deltap",584
"208950_s_at",501,"ALDH7A1","aldehyde dehydrogenase 7 family, member A1","epsilon,deltap",585
"212955_s_at",5438,"POLR2I","polymerase (RNA) II (DNA directed) polypeptide I, 14.5kDa","epsilon,deltap",586
"218064_s_at",26993,"AKAP8L","A kinase (PRKA) anchor protein 8-like","epsilon,deltap",587
"218290_at",55111,"PLEKHJ1","pleckstrin homology domain containing, family J member 1","epsilon,deltap",588
"203138_at",8520,"HAT1","histone acetyltransferase 1","epsilon,deltap",589
"201503_at",10146,"G3BP1","GTPase activating protein (SH3 domain) binding protein 1","epsilon,deltap",590
"201379_s_at",7165,"TPD52L2","tumor protein D52-like 2","epsilon,deltap",591
"217872_at",55011,"PIH1D1","PIH1 domain containing 1","epsilon,deltap",592
"204656_at",6461,"SHB","Src homology 2 domain containing adaptor protein B","epsilon,deltap",593
"221514_at",10813,"UTP14A","UTP14, U3 small nucleolar ribonucleoprotein, homolog A (yeast)","epsilon,deltap",594
"219581_at",80746,"TSEN2","tRNA splicing endonuclease 2 homolog (S. cerevisiae)","epsilon,deltap",595
"203007_x_at",10434,"LYPLA1","lysophospholipase I","epsilon,deltap",596
"204756_at",5607,"MAP2K5","mitogen-activated protein kinase kinase 5","epsilon,deltap",597
"209899_s_at",22827,"PUF60","poly-U binding splicing factor 60KDa","epsilon,deltap",598
"210788_s_at",51635,"DHRS7","dehydrogenase/reductase (SDR family) member 7","epsilon,deltap",599
"212614_at",84159,"ARID5B","AT rich interactive domain 5B (MRF1-like)","epsilon,deltap",600
"215980_s_at",3508,"IGHMBP2","immunoglobulin mu binding protein 2","epsilon,deltap",601
"212500_at",84890,"ADO","2-aminoethanethiol (cysteamine) dioxygenase","epsilon,deltap",602
"218584_at",79600,"TCTN1","tectonic family member 1","epsilon,deltap",603
"214259_s_at",8574,"AKR7A2","aldo-keto reductase family 7, member A2 (aflatoxin aldehyde reductase)","epsilon,deltap",604
"203338_at",5529,"PPP2R5E","protein phosphatase 2, regulatory subunit B', epsilon isoform","epsilon,deltap",605
"203726_s_at",3909,"LAMA3","laminin, alpha 3","epsilon,deltap",606
"215000_s_at",9637,"FEZ2","fasciculation and elongation protein zeta 2 (zygin II)","epsilon,deltap",607
"202491_s_at",8518,"IKBKAP","inhibitor of kappa light polypeptide gene enhancer in B-cells, kinase complex-associated protein","epsilon,deltap",608
"205120_s_at",6443,"SGCB","sarcoglycan, beta (43kDa dystrophin-associated glycoprotein)","epsilon,deltap",609
"217956_s_at",58478,"ENOPH1","enolase-phosphatase 1","epsilon,deltap",610
"203291_at",4850,"CNOT4","CCR4-NOT transcription complex, subunit 4","epsilon,deltap",611
"212723_at",23210,"JMJD6","jumonji domain containing 6","epsilon,deltap",612
"218826_at",54733,"SLC35F2","solute carrier family 35, member F2","epsilon,deltap",613
"218910_at",55129,"ANO10","anoctamin 10","epsilon,deltap",614
"217934_x_at",10273,"STUB1","STIP1 homology and U-box containing protein 1, E3 ubiquitin protein ligase","epsilon,deltap",615
"209364_at",572,"BAD","BCL2-associated agonist of cell death","epsilon,deltap",616
"219485_s_at",5716,"PSMD10","proteasome (prosome, macropain) 26S subunit, non-ATPase, 10","epsilon,deltap",617
"203884_s_at",22841,"RAB11FIP2","RAB11 family interacting protein 2 (class I)","epsilon,deltap",618
"202945_at",2356,"FPGS","folylpolyglutamate synthase","epsilon,deltap",619
"206050_s_at",6050,"RNH1","ribonuclease/angiogenin inhibitor 1","epsilon,deltap",620
"221492_s_at",64422,"ATG3","ATG3 autophagy related 3 homolog (S. cerevisiae)","epsilon,deltap",621
"209939_x_at",8837,"CFLAR","CASP8 and FADD-like apoptosis regulator","epsilon,deltap",622
"218595_s_at",55127,"HEATR1","HEAT repeat containing 1","epsilon,deltap",623
"212880_at",23335,"WDR7","WD repeat domain 7","epsilon,deltap",624
"203848_at",10270,"AKAP8","A kinase (PRKA) anchor protein 8","epsilon,deltap",625
"212811_x_at",6509,"SLC1A4","solute carrier family 1 (glutamate/neutral amino acid transporter), member 4","epsilon,deltap",626
"221549_at",83743,"GRWD1","glutamate-rich WD repeat containing 1","epsilon,deltap",627
"200887_s_at",6772,"STAT1","signal transducer and activator of transcription 1, 91kDa","epsilon,deltap",628
"206015_s_at",22887,"FOXJ3","forkhead box J3","epsilon,deltap",629
"219363_s_at",51001,"MTERFD1","MTERF domain containing 1","epsilon,deltap",630
"219492_at",26511,"CHIC2","cysteine-rich hydrophobic domain 2","epsilon,deltap",631
"201498_at",7874,"USP7","ubiquitin specific peptidase 7 (herpes virus-associated)","epsilon,deltap",632
"217950_at",51070,"NOSIP","nitric oxide synthase interacting protein","epsilon,deltap",633
"209095_at",1738,"DLD","dihydrolipoamide dehydrogenase","epsilon,deltap",634
"217496_s_at",3416,"IDE","insulin-degrading enzyme","epsilon,deltap",635
"209161_at",9128,"PRPF4","PRP4 pre-mRNA processing factor 4 homolog (yeast)","epsilon,deltap",636
"204825_at",9833,"MELK","maternal embryonic leucine zipper kinase","epsilon,deltap",637
"205398_s_at",4088,"SMAD3","SMAD family member 3","epsilon,deltap",638
"208717_at",5018,"OXA1L","oxidase (cytochrome c) assembly 1-like","epsilon,deltap",639
"205573_s_at",51375,"SNX7","sorting nexin 7","epsilon,deltap",640
"218399_s_at",55038,"CDCA4","cell division cycle associated 4","epsilon,deltap",641
"212054_x_at",23061,"TBC1D9B","TBC1 domain family, member 9B (with GRAM domain)","epsilon,deltap",642
"218742_at",64428,"NARFL","nuclear prelamin A recognition factor-like","epsilon,deltap",643
"201788_at",11325,"DDX42","DEAD (Asp-Glu-Ala-Asp) box polypeptide 42","epsilon,deltap",644
"204549_at",9641,"IKBKE","inhibitor of kappa light polypeptide gene enhancer in B-cells, kinase epsilon","epsilon,deltap",645
"40829_at",23038,"WDTC1","WD and tetratricopeptide repeats 1","epsilon,deltap",646
"56197_at",57048,"PLSCR3","phospholipid scramblase 3","epsilon,deltap",647
"212206_s_at",94239,"H2AFV","H2A histone family, member V","epsilon,deltap",648
"218039_at",51203,"NUSAP1","nucleolar and spindle associated protein 1","epsilon,deltap",649
"213689_x_at",388650,"FAM69A","family with sequence similarity 69, member A","epsilon,deltap",650
"212166_at",23039,"XPO7","exportin 7","epsilon,deltap",651
"220643_s_at",55179,"FAIM","Fas apoptotic inhibitory molecule","epsilon,deltap",652
"219076_s_at",5827,"PXMP2","peroxisomal membrane protein 2, 22kDa","epsilon,deltap",653
"203342_at",10245,"TIMM17B","translocase of inner mitochondrial membrane 17 homolog B (yeast)","epsilon,deltap",654
"209367_at",6813,"STXBP2","syntaxin binding protein 2","epsilon,deltap",655
"202854_at",3251,"HPRT1","hypoxanthine phosphoribosyltransferase 1","epsilon,deltap",656
"209567_at",23212,"RRS1","RRS1 ribosome biogenesis regulator homolog (S. cerevisiae)","epsilon,deltap",657
"219384_s_at",23536,"ADAT1","adenosine deaminase, tRNA-specific 1","epsilon,deltap",658
"218206_x_at",51282,"SCAND1","SCAN domain containing 1","epsilon,deltap",659
"209215_at",10227,"MFSD10","major facilitator superfamily domain containing 10","epsilon,deltap",660
"209029_at",50813,"COPS7A","COP9 constitutive photomorphogenic homolog subunit 7A (Arabidopsis)","epsilon,deltap",661
"218034_at",51024,"FIS1","fission 1 (mitochondrial outer membrane) homolog (S. cerevisiae)","epsilon,deltap",662
"218375_at",53343,"NUDT9","nudix (nucleoside diphosphate linked moiety X)-type motif 9","epsilon,deltap",663
"200621_at",1465,"CSRP1","cysteine and glycine-rich protein 1","epsilon,deltap",664
"219051_x_at",79006,"METRN","meteorin, glial cell differentiation regulator","epsilon,deltap",665
"203054_s_at",6988,"TCTA","T-cell leukemia translocation altered gene","epsilon,deltap",666
"212997_s_at",11011,"TLK2","tousled-like kinase 2","epsilon,deltap",667
"212795_at",23325,"KIAA1033","KIAA1033","epsilon,deltap",668
"209015_s_at",10049,"DNAJB6","DnaJ (Hsp40) homolog, subfamily B, member 6","epsilon,deltap",669
"221750_at",3157,"HMGCS1","3-hydroxy-3-methylglutaryl-CoA synthase 1 (soluble)","epsilon,deltap",670
"212458_at",200734,"SPRED2","sprouty-related, EVH1 domain containing 2","epsilon,deltap",671
"202889_x_at",9053,"MAP7","microtubule-associated protein 7","epsilon,deltap",672
"219270_at",79094,"CHAC1","ChaC, cation transport regulator homolog 1 (E. coli)","epsilon,deltap",673
"200981_x_at",2778,"GNAS","GNAS complex locus","epsilon,deltap",674
"218104_at",54881,"TEX10","testis expressed 10","epsilon,deltap",675
"219711_at",54807,"ZNF586","zinc finger protein 586","epsilon,deltap",676
"213419_at",323,"APBB2","amyloid beta (A4) precursor protein-binding, family B, member 2","epsilon,deltap",677
"212047_s_at",26001,"RNF167","ring finger protein 167","epsilon,deltap",678
"211758_x_at",10190,"TXNDC9","thioredoxin domain containing 9","epsilon,deltap",679
"212399_s_at",9686,"VGLL4","vestigial like 4 (Drosophila)","epsilon,deltap",680
"221741_s_at",54915,"YTHDF1","YTH domain family, member 1","epsilon,deltap",681
"211747_s_at",23658,"LSM5","LSM5 homolog, U6 small nuclear RNA associated (S. cerevisiae)","epsilon,deltap",682
"202778_s_at",7750,"ZMYM2","zinc finger, MYM-type 2","epsilon,deltap",683
"218743_at",79643,"CHMP6","charged multivesicular body protein 6","epsilon,deltap",684
"205452_at",9488,"PIGB","phosphatidylinositol glycan anchor biosynthesis, class B","epsilon,deltap",685
"210416_s_at",11200,"CHEK2","CHK2 checkpoint homolog (S. pombe)","epsilon,deltap",686
"204617_s_at",65057,"ACD","adrenocortical dysplasia homolog (mouse)","epsilon,deltap",687
"212894_at",6832,"SUPV3L1","suppressor of var1, 3-like 1 (S. cerevisiae)","epsilon,deltap",688
"212485_at",23131,"GPATCH8","G patch domain containing 8","epsilon,deltap",689
"221482_s_at",10776,"ARPP19","cAMP-regulated phosphoprotein, 19kDa","epsilon,deltap",690
"34408_at",6253,"RTN2","reticulon 2","epsilon,deltap",691
"89476_r_at",79716,"NPEPL1","aminopeptidase-like 1","epsilon,deltap",692
"215884_s_at",29978,"UBQLN2","ubiquilin 2","epsilon,deltap",693
"203301_s_at",9988,"DMTF1","cyclin D binding myb-like transcription factor 1","epsilon,deltap",694
"204809_at",10845,"CLPX","ClpX caseinolytic peptidase X homolog (E. coli)","epsilon,deltap",695
"218794_s_at",54957,"TXNL4B","thioredoxin-like 4B","epsilon,deltap",696
"219127_at",79170,"PRR15L","proline rich 15-like","epsilon,deltap",697
"204542_at",10610,"ST6GALNAC2","ST6 (alpha-N-acetyl-neuraminyl-2,3-beta-galactosyl-1,3)-N-acetylgalactosaminide alpha-2,6-sialyltransferase 2","epsilon,deltap",698
"208847_s_at",128,"ADH5","alcohol dehydrogenase 5 (class III), chi polypeptide","epsilon,deltap",699
"218193_s_at",51026,"GOLT1B","golgi transport 1B","epsilon,deltap",700
"204788_s_at",5498,"PPOX","protoporphyrinogen oxidase","epsilon,deltap",701
"221732_at",124583,"CANT1","calcium activated nucleotidase 1","epsilon,deltap",702
"217080_s_at",9455,"HOMER2","homer homolog 2 (Drosophila)","epsilon,deltap",703
"205172_x_at",1212,"CLTB","clathrin, light chain B","epsilon,deltap",704
"205450_at",5255,"PHKA1","phosphorylase kinase, alpha 1 (muscle)","epsilon,deltap",705
"206571_s_at",9448,"MAP4K4","mitogen-activated protein kinase kinase kinase kinase 4","epsilon,deltap",706
"203117_s_at",9924,"PAN2","PAN2 poly(A) specific ribonuclease subunit homolog (S. cerevisiae)","epsilon,deltap",707
"204517_at",5480,"PPIC","peptidylprolyl isomerase C (cyclophilin C)","epsilon,deltap",708
"208708_x_at",1983,"EIF5","eukaryotic translation initiation factor 5","epsilon,deltap",709
"217758_s_at",56889,"TM9SF3","transmembrane 9 superfamily member 3","epsilon,deltap",710
"203119_at",79080,"CCDC86","coiled-coil domain containing 86","epsilon,deltap",711
"204587_at",9016,"SLC25A14","solute carrier family 25 (mitochondrial carrier, brain), member 14","epsilon,deltap",712
"336_at",6915,"TBXA2R","thromboxane A2 receptor","epsilon,deltap",713
"217168_s_at",9709,"HERPUD1","homocysteine-inducible, endoplasmic reticulum stress-inducible, ubiquitin-like domain member 1","epsilon,deltap",714
"210115_at",116832,"RPL39L","ribosomal protein L39-like","epsilon,deltap",715
"205750_at",670,"BPHL","biphenyl hydrolase-like (serine hydrolase)","epsilon,deltap",716
"202788_at",7867,"MAPKAPK3","mitogen-activated protein kinase-activated protein kinase 3","epsilon,deltap",717
"209179_s_at",79143,"MBOAT7","membrane bound O-acyltransferase domain containing 7","epsilon,deltap",718
"218961_s_at",11284,"PNKP","polynucleotide kinase 3'-phosphatase","epsilon,deltap",719
"206770_s_at",23443,"SLC35A3","solute carrier family 35 (UDP-N-acetylglucosamine (UDP-GlcNAc) transporter), member A3","epsilon,deltap",720
"208190_s_at",51599,"LSR","lipolysis stimulated lipoprotein receptor","epsilon,deltap",721
"202040_s_at",5927,"KDM5A","lysine (K)-specific demethylase 5A","epsilon,deltap",722
"221856_s_at",55793,"FAM63A","family with sequence similarity 63, member A","epsilon,deltap",723
"203582_s_at",5867,"RAB4A","RAB4A, member RAS oncogene family","epsilon,deltap",724
"209100_at",7866,"IFRD2","interferon-related developmental regulator 2","epsilon,deltap",725
"217867_x_at",25825,"BACE2","beta-site APP-cleaving enzyme 2","epsilon,deltap",726
"210754_s_at",4067,"LYN","v-yes-1 Yamaguchi sarcoma viral related oncogene homolog","epsilon,deltap",727
"218170_at",51015,"ISOC1","isochorismatase domain containing 1","epsilon,deltap",728
"205130_at",5891,"MOK","MOK protein kinase","epsilon,deltap",729
"202500_at",3300,"DNAJB2","DnaJ (Hsp40) homolog, subfamily B, member 2","epsilon,deltap",730
"218421_at",64781,"CERK","ceramide kinase","epsilon,deltap",731
"217933_s_at",51056,"LAP3","leucine aminopeptidase 3","epsilon,deltap",732
"212871_at",8550,"MAPKAPK5","mitogen-activated protein kinase-activated protein kinase 5","epsilon,deltap",733
"209526_s_at",50810,"HDGFRP3","hepatoma-derived growth factor, related protein 3","epsilon,deltap",734
"203885_at",23011,"RAB21","RAB21, member RAS oncogene family","epsilon,deltap",735
"209337_at",11168,"PSIP1","PC4 and SFRS1 interacting protein 1","epsilon,deltap",736
"204313_s_at",1385,"CREB1","cAMP responsive element binding protein 1","epsilon,deltap",737
"203640_at",10150,"MBNL2","muscleblind-like 2 (Drosophila)","epsilon,deltap",738
"218744_s_at",29763,"PACSIN3","protein kinase C and casein kinase substrate in neurons 3","epsilon,deltap",739
"211783_s_at",9112,"MTA1","metastasis associated 1","epsilon,deltap",740
"208634_s_at",23499,"MACF1","microtubule-actin crosslinking factor 1","epsilon,deltap",741
"209806_at",85236,"HIST1H2BK","histone cluster 1, H2bk","epsilon,deltap",742
"212694_s_at",5096,"PCCB","propionyl CoA carboxylase, beta polypeptide","epsilon,deltap",743
"221610_s_at",55620,"STAP2","signal transducing adaptor family member 2","epsilon,deltap",744
"203201_at",5373,"PMM2","phosphomannomutase 2","epsilon,deltap",745
"217989_at",51170,"HSD17B11","hydroxysteroid (17-beta) dehydrogenase 11","epsilon,deltap",746
"220127_s_at",54850,"FBXL12","F-box and leucine-rich repeat protein 12","epsilon,deltap",747
"221531_at",80349,"WDR61","WD repeat domain 61","epsilon,deltap",748
"204781_s_at",355,"FAS","Fas (TNF receptor superfamily, member 6)","epsilon,deltap",749
"205046_at",1062,"CENPE","centromere protein E, 312kDa","epsilon,deltap",750
"201200_at",8804,"CREG1","cellular repressor of E1A-stimulated genes 1","epsilon,deltap",751
"219742_at",80758,"PRR7","proline rich 7 (synaptic)","epsilon,deltap",752
"213851_at",375346,"TMEM110","transmembrane protein 110","epsilon,deltap",753
"219968_at",51385,"ZNF589","zinc finger protein 589","epsilon,deltap",754
"217752_s_at",55748,"CNDP2","CNDP dipeptidase 2 (metallopeptidase M20 family)","epsilon,deltap",755
"207196_s_at",10318,"TNIP1","TNFAIP3 interacting protein 1","epsilon,deltap",756
"222125_s_at",54681,"P4HTM","prolyl 4-hydroxylase, transmembrane (endoplasmic reticulum)","epsilon,deltap",757
"208872_s_at",7905,"REEP5","receptor accessory protein 5","epsilon,deltap",758
"217809_at",28969,"BZW2","basic leucine zipper and W2 domains 2","epsilon,deltap",759
"204605_at",10668,"CGRRF1","cell growth regulator with ring finger domain 1","epsilon,deltap",760
"219082_at",51005,"AMDHD2","amidohydrolase domain containing 2","epsilon,deltap",761
"205161_s_at",8800,"PEX11A","peroxisomal biogenesis factor 11 alpha","epsilon,deltap",762
"219821_s_at",54438,"GFOD1","glucose-fructose oxidoreductase domain containing 1","epsilon,deltap",763
"221142_s_at",55825,"PECR","peroxisomal trans-2-enoyl-CoA reductase","epsilon,deltap",764
"203373_at",8835,"SOCS2","suppressor of cytokine signaling 2","epsilon,deltap",765
"218249_at",64429,"ZDHHC6","zinc finger, DHHC-type containing 6","epsilon,deltap",766
"205055_at",3682,"ITGAE","integrin, alpha E (antigen CD103, human mucosal lymphocyte antigen 1; alpha polypeptide)","epsilon,deltap",767
"204808_s_at",10329,"TMEM5","transmembrane protein 5","epsilon,deltap",768
"213995_at",27109,"ATP5S","ATP synthase, H+ transporting, mitochondrial Fo complex, subunit s (factor B)","epsilon,deltap",769
"217722_s_at",51335,"NGRN","neugrin, neurite outgrowth associated","epsilon,deltap",770
"213844_at",3202,"HOXA5","homeobox A5","epsilon,deltap",771
"200678_x_at",2896,"GRN","granulin","epsilon,deltap",772
"218014_at",79902,"NUP85","nucleoporin 85kDa","epsilon,deltap",773
"221046_s_at",29083,"GTPBP8","GTP-binding protein 8 (putative)","epsilon,deltap",774
"208820_at",5747,"PTK2","PTK2 protein tyrosine kinase 2","epsilon,deltap",775
"203464_s_at",22905,"EPN2","epsin 2","epsilon,deltap",776
"220094_s_at",63933,"CCDC90A","coiled-coil domain containing 90A","epsilon,deltap",777
"212943_at",9847,"KIAA0528","KIAA0528","epsilon,deltap",778
"218046_s_at",51021,"MRPS16","mitochondrial ribosomal protein S16","epsilon,deltap",779
"221567_at",8996,"NOL3","nucleolar protein 3 (apoptosis repressor with CARD domain)","epsilon,deltap",780
"218215_s_at",7376,"NR1H2","nuclear receptor subfamily 1, group H, member 2","epsilon,deltap",781
"205190_at",5357,"PLS1","plastin 1","epsilon,deltap",782
"218845_at",56940,"DUSP22","dual specificity phosphatase 22","epsilon,deltap",783
"203379_at",6195,"RPS6KA1","ribosomal protein S6 kinase, 90kDa, polypeptide 1","epsilon,deltap",784
"203302_at",1633,"DCK","deoxycytidine kinase","epsilon,deltap",785
"215945_s_at",23321,"TRIM2","tripartite motif containing 2","epsilon,deltap",786
"218679_s_at",51160,"VPS28","vacuolar protein sorting 28 homolog (S. cerevisiae)","epsilon,deltap",787
"219573_at",55604,"LRRC16A","leucine rich repeat containing 16A","epsilon,deltap",788
"209262_s_at",2063,"NR2F6","nuclear receptor subfamily 2, group F, member 6","epsilon,deltap",789
"218695_at",54512,"EXOSC4","exosome component 4","epsilon,deltap",790
"208690_s_at",9124,"PDLIM1","PDZ and LIM domain 1","epsilon,deltap",791
"218358_at",79174,"CRELD2","cysteine-rich with EGF-like domains 2","epsilon,deltap",792
"216913_s_at",23223,"RRP12","ribosomal RNA processing 12 homolog (S. cerevisiae)","epsilon,deltap",793
"209608_s_at",39,"ACAT2","acetyl-CoA acetyltransferase 2","epsilon,deltap",794
"212910_at",57215,"THAP11","THAP domain containing 11","epsilon,deltap",795
"203973_s_at",1052,"CEBPD","CCAAT/enhancer binding protein (C/EBP), delta","epsilon,deltap",796
"215903_s_at",23139,"MAST2","microtubule associated serine/threonine kinase 2","epsilon,deltap",797
"218547_at",79947,"DHDDS","dehydrodolichyl diphosphate synthase","epsilon,deltap",798
"209304_x_at",4616,"GADD45B","growth arrest and DNA-damage-inducible, beta","epsilon,deltap",799
"203288_at",9710,"KIAA0355","KIAA0355","epsilon,deltap",800
"203303_at",6990,"DYNLT3","dynein, light chain, Tctex-type 3","epsilon,deltap",801
"218571_s_at",29082,"CHMP4A","charged multivesicular body protein 4A","epsilon,deltap",802
"203546_at",9670,"IPO13","importin 13","epsilon,deltap",803
"221449_s_at",81533,"ITFG1","integrin alpha FG-GAP repeat containing 1","epsilon,deltap",804
"200825_s_at",10525,"HYOU1","hypoxia up-regulated 1","epsilon,deltap",805
"209189_at",2353,"FOS","FBJ murine osteosarcoma viral oncogene homolog","epsilon,deltap",806
"219952_s_at",57192,"MCOLN1","mucolipin 1","epsilon,deltap",807
"201565_s_at",3398,"ID2","inhibitor of DNA binding 2, dominant negative helix-loop-helix protein","epsilon,deltap",808
"204679_at",3775,"KCNK1","potassium channel, subfamily K, member 1","epsilon,deltap",809
"202052_s_at",26064,"RAI14","retinoic acid induced 14","epsilon,deltap",810
"218435_at",29103,"DNAJC15","DnaJ (Hsp40) homolog, subfamily C, member 15","epsilon,deltap",811
"213150_at",3206,"HOXA10","homeobox A10","epsilon,deltap",812
"208407_s_at",1500,"CTNND1","catenin (cadherin-associated protein), delta 1","epsilon,deltap",813
"214741_at",7690,"ZNF131","zinc finger protein 131","epsilon,deltap",814
"218780_at",29911,"HOOK2","hook homolog 2 (Drosophila)","epsilon,deltap",815
"216836_s_at",2064,"ERBB2","v-erb-b2 erythroblastic leukemia viral oncogene homolog 2, neuro/glioblastoma derived oncogene homolog (avian)","epsilon,deltap",816
"202809_s_at",65123,"INTS3","integrator complex subunit 3","epsilon,deltap",817
"212968_at",5986,"RFNG","RFNG O-fucosylpeptide 3-beta-N-acetylglucosaminyltransferase","epsilon,deltap",818
"221779_at",85377,"MICALL1","MICAL-like 1","epsilon,deltap",819
"203068_at",9903,"KLHL21","kelch-like 21 (Drosophila)","epsilon,deltap",820
"203221_at",7088,"TLE1","transducin-like enhancer of split 1 (E(sp1) homolog, Drosophila)","epsilon,deltap",821
"203073_at",22796,"COG2","component of oligomeric golgi complex 2","epsilon,deltap",822
"218001_at",51116,"MRPS2","mitochondrial ribosomal protein S2","epsilon,deltap",823
"218474_s_at",54442,"KCTD5","potassium channel tetramerisation domain containing 5","epsilon,deltap",824
"217931_at",10695,"CNPY3","canopy 3 homolog (zebrafish)","epsilon,deltap",825
"202604_x_at",102,"ADAM10","ADAM metallopeptidase domain 10","epsilon,deltap",826
"205173_x_at",965,"CD58","CD58 molecule","epsilon,deltap",827
"203130_s_at",3800,"KIF5C","kinesin family member 5C","epsilon,deltap",828
"210719_s_at",10362,"HMG20B","high mobility group 20B","epsilon,deltap",829
"202927_at",5300,"PIN1","peptidylprolyl cis/trans isomerase, NIMA-interacting 1","epsilon,deltap",830
"219061_s_at",8270,"LAGE3","L antigen family, member 3","epsilon,deltap",831
"218856_at",27242,"TNFRSF21","tumor necrosis factor receptor superfamily, member 21","epsilon,deltap",832
"206364_at",9928,"KIF14","kinesin family member 14","epsilon,deltap",833
"209163_at",1534,"CYB561","cytochrome b-561","epsilon,deltap",834
"201185_at",5654,"HTRA1","HtrA serine peptidase 1","epsilon,deltap",835
"204042_at",10810,"WASF3","WAS protein family, member 3","epsilon,deltap",836
"209109_s_at",7105,"TSPAN6","tetraspanin 6","epsilon,deltap",837
"212231_at",23014,"FBXO21","F-box protein 21","epsilon,deltap",838
"218852_at",55012,"PPP2R3C","protein phosphatase 2, regulatory subunit B'', gamma","epsilon,deltap",839
"209409_at",2887,"GRB10","growth factor receptor-bound protein 10","epsilon,deltap",840
"204812_at",9183,"ZW10","ZW10, kinetochore associated, homolog (Drosophila)","epsilon,deltap",841
"209083_at",11151,"CORO1A","coronin, actin binding protein, 1A","epsilon,deltap",842
"209045_at",7511,"XPNPEP1","X-prolyl aminopeptidase (aminopeptidase P) 1, soluble","epsilon,deltap",843
"205088_at",10046,"MAMLD1","mastermind-like domain containing 1","epsilon,deltap",844
"217901_at",1829,"DSG2","desmoglein 2","epsilon,deltap",845
"222217_s_at",11000,"SLC27A3","solute carrier family 27 (fatty acid transporter), member 3","epsilon,deltap",846
"202910_s_at",976,"CD97","CD97 molecule","epsilon,deltap",847
"201887_at",3597,"IL13RA1","interleukin 13 receptor, alpha 1","epsilon,deltap",848
"203566_s_at",178,"AGL","amylo-alpha-1, 6-glucosidase, 4-alpha-glucanotransferase","epsilon,deltap",849
"209603_at",2625,"GATA3","GATA binding protein 3","epsilon,deltap",850
"209507_at",6119,"RPA3","replication protein A3, 14kDa","epsilon,deltap",851
"202720_at",26136,"TES","testis derived transcript (3 LIM domains)","epsilon,deltap",852
"203458_at",6697,"SPR","sepiapterin reductase (7,8-dihydrobiopterin:NADP+ oxidoreductase)","epsilon,deltap",853
"205205_at",5971,"RELB","v-rel reticuloendotheliosis viral oncogene homolog B","epsilon,deltap",854
"212973_at",22934,"RPIA","ribose 5-phosphate isomerase A","epsilon,deltap",855
"212070_at",9289,"GPR56","G protein-coupled receptor 56","epsilon,deltap",856
"207877_s_at",4931,"NVL","nuclear VCP-like","epsilon,deltap",857
"210153_s_at",4200,"ME2","malic enzyme 2, NAD(+)-dependent, mitochondrial","epsilon,deltap",858
"214061_at",93594,"WDR67","WD repeat domain 67","epsilon,deltap",859
"203696_s_at",5982,"RFC2","replication factor C (activator 1) 2, 40kDa","epsilon,deltap",860
"218316_at",26520,"TIMM9","translocase of inner mitochondrial membrane 9 homolog (yeast)","epsilon,deltap",861
"205085_at",4998,"ORC1","origin recognition complex, subunit 1","epsilon,deltap",862
"214086_s_at",10038,"PARP2","poly (ADP-ribose) polymerase 2","epsilon,deltap",863
"219016_at",60493,"FASTKD5","FAST kinase domains 5","epsilon,deltap",864
"217777_s_at",51495,"PTPLAD1","protein tyrosine phosphatase-like A domain containing 1","epsilon,deltap",865
"219281_at",4482,"MSRA","methionine sulfoxide reductase A","epsilon,deltap",866
"202761_s_at",23224,"SYNE2","spectrin repeat containing, nuclear envelope 2","epsilon,deltap",867
"201817_at",9690,"UBE3C","ubiquitin protein ligase E3C","epsilon,deltap",868
"218175_at",80212,"CCDC92","coiled-coil domain containing 92","epsilon,deltap",869
"219184_x_at",29928,"TIMM22","translocase of inner mitochondrial membrane 22 homolog (yeast)","epsilon,deltap",870
"204999_s_at",22809,"ATF5","activating transcription factor 5","epsilon,deltap",871
"215093_at",50814,"NSDHL","NAD(P) dependent steroid dehydrogenase-like","epsilon,deltap",872
"217761_at",55256,"ADI1","acireductone dioxygenase 1","epsilon,deltap",873
"218168_s_at",56997,"ADCK3","aarF domain containing kinase 3","epsilon,deltap",874
"213343_s_at",81544,"GDPD5","glycerophosphodiester phosphodiesterase domain containing 5","epsilon,deltap",875
"202813_at",6894,"TARBP1","TAR (HIV-1) RNA binding protein 1","epsilon,deltap",876
"219222_at",64080,"RBKS","ribokinase","epsilon,deltap",877
"212689_s_at",55818,"KDM3A","lysine (K)-specific demethylase 3A","epsilon,deltap",878
"211725_s_at",637,"BID","BH3 interacting domain death agonist","epsilon,deltap",879
"203346_s_at",22823,"MTF2","metal response element binding transcription factor 2","epsilon,deltap",880
"204484_at",5287,"PIK3C2B","phosphoinositide-3-kinase, class 2, beta polypeptide","epsilon,deltap",881
"212833_at",91137,"SLC25A46","solute carrier family 25, member 46","epsilon,deltap",882
"212899_at",23097,"CDK19","cyclin-dependent kinase 19","epsilon,deltap",883
"204711_at",9851,"KIAA0753","KIAA0753","epsilon,deltap",884
"212462_at",23522,"KAT6B","K(lysine) acetyltransferase 6B","epsilon,deltap",885
"212624_s_at",1123,"CHN1","chimerin (chimaerin) 1","epsilon,deltap",886
"210058_at",5603,"MAPK13","mitogen-activated protein kinase 13","epsilon,deltap",887
"218050_at",51569,"UFM1","ubiquitin-fold modifier 1","epsilon,deltap",888
"217900_at",55699,"IARS2","isoleucyl-tRNA synthetase 2, mitochondrial","epsilon,deltap",889
"209710_at",2624,"GATA2","GATA binding protein 2","epsilon,deltap",890
"202599_s_at",8204,"NRIP1","nuclear receptor interacting protein 1","epsilon,deltap",891
"202705_at",9133,"CCNB2","cyclin B2","epsilon,deltap",892
"200060_s_at",10921,"RNPS1","RNA binding protein S1, serine-rich domain","epsilon,deltap",893
"221230_s_at",51742,"ARID4B","AT rich interactive domain 4B (RBP1-like)","epsilon,deltap",894
"209531_at",2954,"GSTZ1","glutathione transferase zeta 1","epsilon,deltap",895
"218346_s_at",27244,"SESN1","sestrin 1","epsilon,deltap",896
"201997_s_at",23013,"SPEN","spen homolog, transcriptional regulator (Drosophila)","epsilon,deltap",897
"203067_at",8050,"PDHX","pyruvate dehydrogenase complex, component X","epsilon,deltap",898
"221081_s_at",79961,"DENND2D","DENN/MADD domain containing 2D","epsilon,deltap",899
"214074_s_at",2017,"CTTN","cortactin","epsilon,deltap",900
"218108_at",55148,"UBR7","ubiquitin protein ligase E3 component n-recognin 7 (putative)","epsilon,deltap",901
"204489_s_at",960,"CD44","CD44 molecule (Indian blood group)","epsilon,deltap",902
"218807_at",10451,"VAV3","vav 3 guanine nucleotide exchange factor","epsilon,deltap",903
"221552_at",57406,"ABHD6","abhydrolase domain containing 6","epsilon,deltap",904
"217873_at",51719,"CAB39","calcium binding protein 39","epsilon,deltap",905
"213135_at",7074,"TIAM1","T-cell lymphoma invasion and metastasis 1","epsilon,deltap",906
"203105_s_at",10059,"DNM1L","dynamin 1-like","epsilon,deltap",907
"218102_at",51071,"DERA","deoxyribose-phosphate aldolase (putative)","epsilon,deltap",908
"203038_at",5796,"PTPRK","protein tyrosine phosphatase, receptor type, K","epsilon,deltap",909
"219352_at",55008,"HERC6","hect domain and RLD 6","epsilon,deltap",910
"221641_s_at",23597,"ACOT9","acyl-CoA thioesterase 9","epsilon,deltap",911
"203217_s_at",8869,"ST3GAL5","ST3 beta-galactoside alpha-2,3-sialyltransferase 5","epsilon,deltap",912
"202468_s_at",8727,"CTNNAL1","catenin (cadherin-associated protein), alpha-like 1","epsilon,deltap",913
"218581_at",63874,"ABHD4","abhydrolase domain containing 4","epsilon,deltap",914
"205376_at",8821,"INPP4B","inositol polyphosphate-4-phosphatase, type II, 105kDa","epsilon,deltap",915
"212124_at",57178,"ZMIZ1","zinc finger, MIZ-type containing 1","epsilon,deltap",916
"208510_s_at",5468,"PPARG","peroxisome proliferator-activated receptor gamma","epsilon,deltap",917
"205562_at",10557,"RPP38","ribonuclease P/MRP 38kDa subunit","epsilon,deltap",918
"208908_s_at",831,"CAST","calpastatin","epsilon,deltap",919
"217911_s_at",9531,"BAG3","BCL2-associated athanogene 3","epsilon,deltap",920
"40562_at",2767,"GNA11","guanine nucleotide binding protein (G protein), alpha 11 (Gq class)","epsilon,deltap",921
"202349_at",1861,"TOR1A","torsin family 1, member A (torsin A)","epsilon,deltap",922
"203775_at",10165,"SLC25A13","solute carrier family 25, member 13 (citrin)","epsilon,deltap",923
"209263_x_at",7106,"TSPAN4","tetraspanin 4","epsilon,deltap",924
"216321_s_at",2908,"NR3C1","nuclear receptor subfamily 3, group C, member 1 (glucocorticoid receptor)","epsilon,deltap",925
"218145_at",57761,"TRIB3","tribbles homolog 3 (Drosophila)","epsilon,deltap",926
"212660_at",23338,"PHF15","PHD finger protein 15","epsilon,deltap",927
"211919_s_at",7852,"CXCR4","chemokine (C-X-C motif) receptor 4","epsilon,deltap",928
"219390_at",55033,"FKBP14","FK506 binding protein 14, 22 kDa","epsilon,deltap",929
"208424_s_at",57019,"CIAPIN1","cytokine induced apoptosis inhibitor 1","epsilon,deltap",930
"213190_at",91949,"COG7","component of oligomeric golgi complex 7","epsilon,deltap",931
"209191_at",84617,"TUBB6","tubulin, beta 6","epsilon,deltap",932
"202123_s_at",25,"ABL1","c-abl oncogene 1, non-receptor tyrosine kinase","epsilon,deltap",933
"204826_at",899,"CCNF","cyclin F","epsilon,deltap",934
"218898_at",79850,"FAM57A","family with sequence similarity 57, member A","epsilon,deltap",935
"217838_s_at",51466,"EVL","Enah/Vasp-like","epsilon,deltap",936
"210640_s_at",2852,"GPER","G protein-coupled estrogen receptor 1","epsilon,deltap",937
"202623_at",55837,"EAPP","E2F-associated phosphoprotein","epsilon,deltap",938
"201995_at",2131,"EXT1","exostosin 1","epsilon,deltap",939
"205909_at",5427,"POLE2","polymerase (DNA directed), epsilon 2 (p59 subunit)","epsilon,deltap",940
"212875_s_at",25966,"C2CD2","C2 calcium-dependent domain containing 2","epsilon,deltap",941
"218093_s_at",55608,"ANKRD10","ankyrin repeat domain 10","epsilon,deltap",942
"204977_at",1662,"DDX10","DEAD (Asp-Glu-Ala-Asp) box polypeptide 10","epsilon,deltap",943
"203494_s_at",9702,"CEP57","centrosomal protein 57kDa","epsilon,deltap",944
"217763_s_at",11031,"RAB31","RAB31, member RAS oncogene family","epsilon,deltap",945
"209380_s_at",10057,"ABCC5","ATP-binding cassette, sub-family C (CFTR/MRP), member 5","epsilon,deltap",946
"203209_at",5985,"RFC5","replication factor C (activator 1) 5, 36.5kDa","epsilon,deltap",947
"203395_s_at",3280,"HES1","hairy and enhancer of split 1, (Drosophila)","epsilon,deltap",948
"213233_s_at",55958,"KLHL9","kelch-like 9 (Drosophila)","epsilon,deltap",949
"217825_s_at",51465,"UBE2J1","ubiquitin-conjugating enzyme E2, J1, U","epsilon,deltap",950
"202830_s_at",2542,"SLC37A4","solute carrier family 37 (glucose-6-phosphate transporter), member 4","epsilon,deltap",951
"203246_s_at",10641,"NPRL2","nitrogen permease regulator-like 2 (S. cerevisiae)","epsilon,deltap",952
"201608_s_at",11137,"PWP1","PWP1 homolog (S. cerevisiae)","epsilon,deltap",953
"212717_at",9842,"PLEKHM1","pleckstrin homology domain containing, family M (with RUN domain) member 1","epsilon,deltap",954
"208626_s_at",10493,"VAT1","vesicle amine transport protein 1 homolog (T. californica)","epsilon,deltap",955
"218755_at",10112,"KIF20A","kinesin family member 20A","epsilon,deltap",956
"203256_at",1001,"CDH3","cadherin 3, type 1, P-cadherin (placental)","epsilon,deltap",957
"203787_at",23635,"SSBP2","single-stranded DNA binding protein 2","epsilon,deltap",958
"220140_s_at",29916,"SNX11","sorting nexin 11","epsilon,deltap",959
"209260_at",2810,"SFN","stratifin","epsilon,deltap",960
"202963_at",5993,"RFX5","regulatory factor X, 5 (influences HLA class II expression)","epsilon,deltap",961
"202732_at",11142,"PKIG","protein kinase (cAMP-dependent, catalytic) inhibitor gamma","epsilon,deltap",962
"219170_at",79187,"FSD1","fibronectin type III and SPRY domain containing 1","epsilon,deltap",963
"208898_at",51382,"ATP6V1D","ATPase, H+ transporting, lysosomal 34kDa, V1 subunit D","epsilon,deltap",964
"204126_s_at",8318,"CDC45","cell division cycle 45 homolog (S. cerevisiae)","epsilon,deltap",965
"203279_at",9695,"EDEM1","ER degradation enhancer, mannosidase alpha-like 1","epsilon,deltap",966
"204761_at",9712,"USP6NL","USP6 N-terminal like","epsilon,deltap",967
"218051_s_at",64943,"NT5DC2","5'-nucleotidase domain containing 2","epsilon,deltap",968
"204662_at",9738,"CCP110","centriolar coiled coil protein 110kDa","epsilon,deltap",969
"203047_at",6793,"STK10","serine/threonine kinase 10","epsilon,deltap",970
"203343_at",7358,"UGDH","UDP-glucose 6-dehydrogenase","epsilon,deltap",971
"217995_at",58472,"SQRDL","sulfide quinone reductase-like (yeast)","epsilon,deltap",972
"218450_at",50865,"HEBP1","heme binding protein 1","epsilon,deltap",973
"212536_at",23200,"ATP11B","ATPase, class VI, type 11B","epsilon,deltap",974
"218529_at",51293,"CD320","CD320 molecule","epsilon,deltap",975
"211071_s_at",10962,"MLLT11","myeloid/lymphoid or mixed-lineage leukemia (trithorax homolog, Drosophila); translocated to, 11","epsilon,deltap",976
"203341_at",10153,"CEBPZ","CCAAT/enhancer binding protein (C/EBP), zeta","epsilon,deltap",977
"205379_at",874,"CBR3","carbonyl reductase 3","epsilon,deltap",978
